Date,Price,Open,High,Low,Vol.,Change %
"Feb 03, 2020",780,674.5,785,674.44,47.23M,19.89%
"Jan 31, 2020",650.57,641.07,653,632.58,15.72M,1.52%
"Jan 30, 2020",640.81,631.88,650,618.18,29.01M,10.30%
"Jan 29, 2020",580.99,575.6,589.68,567.43,18.22M,2.49%
"Jan 28, 2020",566.9,568.3,576.44,558.13,11.79M,1.59%
"Jan 27, 2020",558.02,541.27,564.29,539.4,13.61M,-1.20%
"Jan 24, 2020",564.82,571.5,573,555,14.35M,-1.29%
"Jan 23, 2020",572.2,564.25,582,555.6,19.65M,0.46%
"Jan 22, 2020",569.56,571.89,594.5,559.1,31.37M,4.09%
"Jan 21, 2020",547.2,530.25,548.58,528.41,17.80M,7.19%
"Jan 17, 2020",510.5,507.61,515.67,503.16,13.63M,-0.58%
"Jan 16, 2020",513.49,493.75,514.46,492.17,21.74M,-0.97%
"Jan 15, 2020",518.5,529.76,537.84,516.79,17.37M,-3.61%
"Jan 14, 2020",537.92,544.25,547.41,524.9,29.06M,2.49%
"Jan 13, 2020",524.86,493.5,525.63,492,26.63M,9.77%
"Jan 10, 2020",478.15,481.79,484.94,473.7,12.98M,-0.66%
"Jan 09, 2020",481.34,497.1,498.8,472.87,28.46M,-2.19%
"Jan 08, 2020",492.14,473.7,498.49,468.23,31.20M,4.92%
"Jan 07, 2020",469.06,461.4,471.63,453.36,18.21M,3.88%
"Jan 06, 2020",451.54,440.47,451.56,440,10.16M,1.93%
"Jan 03, 2020",443.01,440.5,454,436.92,17.79M,2.96%
"Jan 02, 2020",430.26,424.5,430.7,421.71,9.56M,2.85%
"Dec 31, 2019",418.33,405,421.29,402.08,10.29M,0.88%
"Dec 30, 2019",414.7,428.79,429,409.26,12.60M,-3.64%
"Dec 27, 2019",430.38,435,435.31,426.11,9.96M,-0.13%
"Dec 26, 2019",430.94,427.91,433.48,426.35,10.65M,1.34%
"Dec 24, 2019",425.25,418.36,425.47,412.69,8.05M,1.44%
"Dec 23, 2019",419.22,411.78,422.01,410,13.33M,3.36%
"Dec 20, 2019",405.59,410.29,413,400.19,14.79M,0.38%
"Dec 19, 2019",404.04,397.32,406.85,396.5,18.12M,2.77%
"Dec 18, 2019",393.15,380.63,395.22,380.58,14.14M,3.74%
"Dec 17, 2019",378.99,378.99,385.5,375.9,8.50M,-0.66%
"Dec 16, 2019",381.5,362.55,383.61,362.5,18.22M,6.45%
"Dec 13, 2019",358.39,361.05,365.21,354.64,6.57M,-0.36%
"Dec 12, 2019",359.68,354.92,362.74,353.23,7.78M,1.98%
"Dec 11, 2019",352.7,351.88,357.19,351.09,6.92M,1.11%
"Dec 10, 2019",348.84,339.96,350.73,339.31,8.84M,2.74%
"Dec 09, 2019",339.53,336.59,344.45,335.08,9.04M,1.08%
"Dec 06, 2019",335.89,335,338.86,334.77,7.62M,1.67%
"Dec 05, 2019",330.37,332.83,334.42,327.25,3.74M,-0.80%
"Dec 04, 2019",333.03,337.75,337.86,332.85,5.54M,-0.94%
"Dec 03, 2019",336.2,332.62,337.91,332.19,6.61M,0.40%
"Dec 02, 2019",334.87,329.4,336.38,328.69,6.08M,1.49%
"Nov 29, 2019",329.94,331.11,331.26,327.5,2.47M,-0.41%
"Nov 27, 2019",331.29,331.12,333.93,328.57,5.56M,0.72%
"Nov 26, 2019",328.92,335.27,335.5,327.1,7.96M,-2.21%
"Nov 25, 2019",336.34,344.32,344.57,334.46,12.35M,0.99%
"Nov 22, 2019",333.04,340.16,341,330,16.87M,-6.14%
"Nov 21, 2019",354.83,354.51,360.84,354,6.11M,0.74%
"Nov 20, 2019",352.22,360,361.2,349.57,6.73M,-2.03%
"Nov 19, 2019",359.52,351.75,359.99,347.8,7.74M,2.72%
"Nov 18, 2019",349.99,352.92,353.15,346.1,4.41M,-0.62%
"Nov 15, 2019",352.17,350.64,352.8,348.36,4.81M,0.81%
"Nov 14, 2019",349.35,346.11,353.84,342.91,6.47M,0.94%
"Nov 13, 2019",346.11,355,356.33,345.18,8.47M,-1.09%
"Nov 12, 2019",349.93,346.9,350.37,344.04,7.36M,1.40%
"Nov 11, 2019",345.09,343.95,349.19,342,9.99M,2.36%
"Nov 08, 2019",337.14,334.5,337.46,332.5,6.07M,0.48%
"Nov 07, 2019",335.54,329.14,341.5,328.02,14.47M,2.74%
"Nov 06, 2019",326.58,318,326.72,314.5,7.94M,2.95%
"Nov 05, 2019",317.22,319.62,323.51,316.12,6.94M,-0.08%
"Nov 04, 2019",317.47,314.8,321.94,309.26,8.79M,1.33%
"Nov 01, 2019",313.31,316.32,316.48,309.8,6.38M,-0.51%
"Oct 31, 2019",314.92,313.1,319,313,5.07M,-0.03%
"Oct 30, 2019",315.01,313,318.79,309.97,9.64M,-0.38%
"Oct 29, 2019",316.22,319.99,324.3,314.75,12.68M,-3.51%
"Oct 28, 2019",327.71,327.54,340.84,322.6,18.87M,-0.13%
"Oct 25, 2019",328.13,297.72,330,296.11,30.01M,9.49%
"Oct 24, 2019",299.68,298.37,304.93,289.2,29.82M,17.67%
"Oct 23, 2019",254.68,254.5,256.14,251.35,11.22M,-0.35%
"Oct 22, 2019",255.58,254.32,258.33,250.85,4.63M,0.82%
"Oct 21, 2019",253.5,258.33,259.5,250.18,5.11M,-1.34%
"Oct 18, 2019",256.95,260.7,262.8,255.1,5.75M,-1.92%
"Oct 17, 2019",261.97,262.5,264.78,260.17,4.78M,0.85%
"Oct 16, 2019",259.75,257.39,262.1,256.92,6.70M,0.72%
"Oct 15, 2019",257.89,257.7,260,254.12,6.48M,0.36%
"Oct 14, 2019",256.96,247.9,258.55,247.13,10.23M,3.66%
"Oct 11, 2019",247.89,247.15,251.08,246.81,8.49M,1.29%
"Oct 10, 2019",244.74,245.28,249.28,241.58,6.31M,0.09%
"Oct 09, 2019",244.53,241.32,247.29,240.65,6.94M,1.87%
"Oct 08, 2019",240.05,235.87,243.94,234.5,8.70M,0.98%
"Oct 07, 2019",237.72,229.8,238.56,228.55,8.09M,2.72%
"Oct 04, 2019",231.43,231.61,234.78,228.07,8.02M,-0.69%
"Oct 03, 2019",233.03,231.86,234.48,224.28,15.14M,-4.15%
"Oct 02, 2019",243.13,243.29,244.65,239.43,6.26M,-0.64%
"Oct 01, 2019",244.69,241.5,245.95,239.13,6.20M,1.59%
"Sep 30, 2019",240.87,243,243.98,236.11,5.95M,-0.52%
"Sep 27, 2019",242.13,242.2,248.71,238.73,11.12M,-0.18%
"Sep 26, 2019",242.56,230.66,243.31,227.4,12.08M,6.06%
"Sep 25, 2019",228.7,224.56,228.98,218.36,9.44M,2.46%
"Sep 24, 2019",223.21,241.52,241.99,222.61,12.94M,-7.47%
"Sep 23, 2019",241.23,240,245.18,239.22,4.39M,0.25%
"Sep 20, 2019",240.62,246.49,246.95,238.16,6.51M,-2.42%
"Sep 19, 2019",246.6,246,247.94,244.84,4.88M,1.28%
"Sep 18, 2019",243.49,245,248.17,242.37,4.23M,-0.53%
"Sep 17, 2019",244.79,242.47,245.6,240.37,3.95M,0.82%
"Sep 16, 2019",242.81,246,247.43,241.17,4.73M,-0.97%
"Sep 13, 2019",245.2,246.96,248.45,244.87,5.31M,-0.27%
"Sep 12, 2019",245.87,247.7,253.5,244.4,8.58M,-0.50%
"Sep 11, 2019",247.1,237.38,248.17,236,10.04M,4.91%
"Sep 10, 2019",235.54,230.8,235.54,228.94,4.88M,1.62%
"Sep 09, 2019",231.79,230,233.76,229.23,4.80M,1.91%
"Sep 06, 2019",227.45,227.2,229.64,225.17,4.19M,-0.93%
"Sep 05, 2019",229.58,222.5,229.8,220.85,7.40M,4.03%
"Sep 04, 2019",220.68,226.89,228.46,219.21,5.77M,-1.92%
"Sep 03, 2019",225.01,224.08,228.95,223.16,5.36M,-0.27%
"Aug 30, 2019",225.61,229.15,232.44,224.21,9.33M,1.76%
"Aug 29, 2019",221.71,219,223.4,218,5.18M,2.84%
"Aug 28, 2019",215.59,213.69,217.25,212.31,3.24M,0.71%
"Aug 27, 2019",214.08,215.74,218.8,212.03,5.42M,-0.43%
"Aug 26, 2019",215,213.6,215.02,211.54,5.05M,1.70%
"Aug 23, 2019",211.4,219.97,221.17,211,8.56M,-4.84%
"Aug 22, 2019",222.15,222.8,225.4,218.22,6.56M,0.60%
"Aug 21, 2019",220.83,222.01,223.22,217.6,7.80M,-2.23%
"Aug 20, 2019",225.86,227.62,229.09,224.54,4.17M,-0.43%
"Aug 19, 2019",226.83,224.21,227.83,221.7,5.31M,3.13%
"Aug 16, 2019",219.94,216.66,222.24,216.02,5.21M,1.99%
"Aug 15, 2019",215.64,220.86,221.56,211.55,8.23M,-1.81%
"Aug 14, 2019",219.62,231.21,231.5,216.69,9.56M,-6.54%
"Aug 13, 2019",235,228.81,236,227.55,4.87M,2.62%
"Aug 12, 2019",229.01,232.99,235.77,228.75,4.66M,-2.55%
"Aug 09, 2019",235.01,236.05,238.96,233.81,3.90M,-1.38%
"Aug 08, 2019",238.3,234.45,239.8,232.65,5.27M,2.09%
"Aug 07, 2019",233.42,226.5,233.57,225.8,4.78M,1.16%
"Aug 06, 2019",230.75,231.88,232.5,225.75,5.56M,1.06%
"Aug 05, 2019",228.32,229.6,231.37,225.78,7.03M,-2.57%
"Aug 02, 2019",234.34,231.35,236.27,229.23,6.14M,0.21%
"Aug 01, 2019",233.85,242.65,244.51,231.77,8.26M,-3.21%
"Jul 31, 2019",241.61,243,246.68,236.65,9.18M,-0.27%
"Jul 30, 2019",242.26,232.9,243.36,232.18,8.11M,2.75%
"Jul 29, 2019",235.77,227.09,235.94,226.03,9.27M,3.39%
"Jul 26, 2019",228.04,226.92,230.26,222.25,10.03M,-0.34%
"Jul 25, 2019",228.82,233.5,234.5,225.55,22.42M,-13.61%
"Jul 24, 2019",264.88,259.17,266.07,258.16,11.07M,1.81%
"Jul 23, 2019",260.17,256.71,260.48,254.5,5.02M,1.76%
"Jul 22, 2019",255.68,258.75,262.15,254.19,6.85M,-0.97%
"Jul 19, 2019",258.18,255.69,259.96,254.62,7.05M,1.83%
"Jul 18, 2019",253.54,255.05,255.75,251.88,4.76M,-0.52%
"Jul 17, 2019",254.86,255.67,258.31,253.35,9.76M,0.98%
"Jul 16, 2019",252.38,249.3,253.53,247.93,8.15M,-0.44%
"Jul 15, 2019",253.5,248,254.42,244.86,11.00M,3.44%
"Jul 12, 2019",245.08,239.75,245.38,239.71,9.20M,2.72%
"Jul 11, 2019",238.6,238.14,241.5,235.8,7.51M,-0.13%
"Jul 10, 2019",238.92,234.15,238.94,233.14,9.15M,3.85%
"Jul 09, 2019",230.06,228.97,231,227.28,6.19M,-0.12%
"Jul 08, 2019",230.34,231.24,232.25,228.66,5.88M,-1.18%
"Jul 05, 2019",233.1,234.57,235.45,230.8,7.07M,-0.77%
"Jul 03, 2019",234.9,239.39,241.57,234.51,14.20M,4.61%
"Jul 02, 2019",224.55,228.89,229.15,222.22,9.26M,-1.15%
"Jul 01, 2019",227.17,230.21,233.1,226.28,8.24M,1.66%
"Jun 28, 2019",223.46,220.99,225.17,220.8,6.85M,0.28%
"Jun 27, 2019",222.84,219.45,222.9,217.35,6.34M,1.63%
"Jun 26, 2019",219.27,220.31,227.23,218.1,8.51M,-0.22%
"Jun 25, 2019",219.76,224.39,225.34,219.49,6.18M,-1.73%
"Jun 24, 2019",223.64,223.24,225.86,221.02,5.75M,0.80%
"Jun 21, 2019",221.86,216.22,222.18,215.5,8.20M,1.02%
"Jun 20, 2019",219.62,223,226.9,216.35,11.86M,-3.01%
"Jun 19, 2019",226.43,225.11,227.77,221.06,6.58M,0.75%
"Jun 18, 2019",224.74,228.72,234.74,222.56,12.72M,-0.13%
"Jun 17, 2019",225.03,215.48,227,214.27,12.32M,4.70%
"Jun 14, 2019",214.92,211.25,216.65,210.4,7.43M,0.47%
"Jun 13, 2019",213.91,210.38,214.9,207.51,8.17M,2.22%
"Jun 12, 2019",209.26,222.95,223.38,209,15.20M,-3.61%
"Jun 11, 2019",217.1,219.14,220.9,213.5,11.65M,1.98%
"Jun 10, 2019",212.88,210.25,216.94,209.01,10.59M,4.10%
"Jun 07, 2019",204.5,205,210.84,203.5,16.00M,-0.70%
"Jun 06, 2019",205.95,204.44,211,201.8,20.24M,4.76%
"Jun 05, 2019",196.59,198.68,201.28,191.85,13.51M,1.54%
"Jun 04, 2019",193.6,181.1,193.98,179.61,13.81M,8.17%
"Jun 03, 2019",178.97,185.51,186.68,176.99,13.06M,-3.34%
"May 31, 2019",185.16,185.1,189.92,184.1,10.41M,-1.63%
"May 30, 2019",188.22,188.75,192.25,187.02,7.93M,-0.86%
"May 29, 2019",189.86,187.1,192.39,185.04,11.97M,0.61%
"May 28, 2019",188.7,191.2,195,187.85,10.31M,-1.01%
"May 24, 2019",190.63,199.83,199.98,188.75,14.14M,-2.49%
"May 23, 2019",195.49,194.34,199.47,186.22,26.55M,1.43%
"May 22, 2019",192.73,199.1,203.94,191.78,18.69M,-6.02%
"May 21, 2019",205.08,197.76,207.4,196.04,18.00M,-0.14%
"May 20, 2019",205.36,202.8,206,195.25,20.53M,-2.69%
"May 17, 2019",211.03,221.96,222.24,208.92,17.79M,-7.58%
"May 16, 2019",228.33,229.49,231,226.5,7.48M,-1.56%
"May 15, 2019",231.95,229.32,232.44,225.25,7.30M,-0.15%
"May 14, 2019",232.31,229.3,234.5,228,7.25M,2.33%
"May 13, 2019",227.01,232.01,232.47,224.5,10.83M,-5.22%
"May 10, 2019",239.52,239.75,241.99,236.02,7.01M,-1.02%
"May 09, 2019",241.98,242,243.68,236.94,6.71M,-1.17%
"May 08, 2019",244.84,246.94,250.6,244.2,6.18M,-0.90%
"May 07, 2019",247.06,256.8,257.21,245.1,10.13M,-3.24%
"May 06, 2019",255.34,250.02,258.35,248.5,10.83M,0.12%
"May 03, 2019",255.03,243.86,256.61,243.49,23.71M,4.48%
"May 02, 2019",244.1,245.52,247.13,237.72,18.16M,4.31%
"May 01, 2019",234.01,238.85,240,231.5,10.70M,-1.96%
"Apr 30, 2019",238.69,242.06,244.21,237,9.46M,-1.15%
"Apr 29, 2019",241.47,235.86,243.98,232.17,16.71M,2.69%
"Apr 26, 2019",235.14,246.5,246.68,231.13,22.36M,-5.04%
"Apr 25, 2019",247.63,255,259,246.07,21.85M,-4.26%
"Apr 24, 2019",258.66,263.85,265.32,258,10.73M,-1.99%
"Apr 23, 2019",263.9,260.15,265.6,255.75,10.94M,0.44%
"Apr 22, 2019",262.75,269,269.68,262.48,12.15M,-3.85%
"Apr 18, 2019",273.26,271.23,274.84,269.75,5.88M,0.75%
"Apr 17, 2019",271.23,274.75,274.79,268.54,5.13M,-0.78%
"Apr 16, 2019",273.36,265.75,275,264.72,7.27M,2.62%
"Apr 15, 2019",266.38,268.63,268.88,258.63,10.04M,-0.49%
"Apr 12, 2019",267.7,270.22,271.95,266.83,6.75M,-0.27%
"Apr 11, 2019",268.42,268.3,270.5,265.6,9.84M,-2.77%
"Apr 10, 2019",276.06,276.74,278.38,272.89,7.06M,1.38%
"Apr 09, 2019",272.31,271.65,275,269.61,5.90M,-0.33%
"Apr 08, 2019",273.2,277.69,281.16,270.44,10.41M,-0.64%
"Apr 05, 2019",274.96,269.86,276.1,266.11,13.04M,2.68%
"Apr 04, 2019",267.78,261.89,271.2,260.59,23.72M,-8.23%
"Apr 03, 2019",291.81,287.32,296.17,287.17,7.93M,2.07%
"Apr 02, 2019",285.88,288.3,289.44,283.88,5.48M,-1.14%
"Apr 01, 2019",289.18,282.62,289.2,281.28,8.11M,3.33%
"Mar 29, 2019",279.86,278.7,280.16,274.5,5.99M,0.45%
"Mar 28, 2019",278.62,277.16,280.33,275.1,6.77M,1.38%
"Mar 27, 2019",274.83,268.75,275.37,268.18,8.78M,2.64%
"Mar 26, 2019",267.77,264.44,270.26,264.43,7.35M,2.82%
"Mar 25, 2019",260.42,259.71,263.18,254.46,10.22M,-1.55%
"Mar 22, 2019",264.53,272.58,272.8,264,8.75M,-3.46%
"Mar 21, 2019",274.02,272.6,276.45,268.45,5.95M,0.15%
"Mar 20, 2019",273.6,269.69,274.97,266.3,6.91M,2.29%
"Mar 19, 2019",267.47,267.5,273.3,263.46,11.80M,-0.75%
"Mar 18, 2019",269.49,276,278.05,267.3,10.28M,-2.16%
"Mar 15, 2019",275.43,283.51,283.72,274.4,14.79M,-5.01%
"Mar 14, 2019",289.96,292.45,295.39,288.29,7.10M,0.35%
"Mar 13, 2019",288.96,283.9,291.99,282.7,6.84M,1.98%
"Mar 12, 2019",283.36,286.49,288.07,281.06,7.50M,-2.60%
"Mar 11, 2019",290.92,283.52,291.28,280.5,7.39M,2.39%
"Mar 08, 2019",284.14,276.91,285.59,275.89,8.82M,2.73%
"Mar 07, 2019",276.59,278.84,284.7,274.25,9.44M,0.13%
"Mar 06, 2019",276.24,276.48,281.51,274.39,10.34M,-0.11%
"Mar 05, 2019",276.54,282,284,270.1,18.76M,-3.09%
"Mar 04, 2019",285.36,298.12,299,282.78,17.10M,-3.20%
"Mar 01, 2019",294.79,306.94,307.13,291.9,22.91M,-7.84%
"Feb 28, 2019",319.88,318.92,320,310.81,10.52M,1.63%
"Feb 27, 2019",314.74,301.78,316.3,300.55,11.18M,5.67%
"Feb 26, 2019",297.86,292.22,302.01,288.77,8.58M,-0.30%
"Feb 25, 2019",298.77,297.91,302.9,297,6.63M,1.38%
"Feb 22, 2019",294.71,294.49,296.5,292.1,5.74M,1.19%
"Feb 21, 2019",291.23,301.81,303.24,290.5,8.91M,-3.74%
"Feb 20, 2019",302.56,304.41,306.3,299,7.14M,-1.01%
"Feb 19, 2019",305.64,306.56,311.54,305.47,4.17M,-0.73%
"Feb 15, 2019",307.88,304.5,308,303.9,3.90M,1.35%
"Feb 14, 2019",303.77,303.38,306.77,301,5.20M,-1.43%
"Feb 13, 2019",308.17,312.35,312.75,305.57,5.14M,-1.17%
"Feb 12, 2019",311.81,316.2,318.19,309.62,5.52M,-0.33%
"Feb 11, 2019",312.84,311.6,318.6,310.5,7.13M,2.30%
"Feb 08, 2019",305.8,306.83,307.44,298.5,5.84M,-0.56%
"Feb 07, 2019",307.51,313.3,314.7,303,6.52M,-3.06%
"Feb 06, 2019",317.22,319.59,324.24,315.62,5.04M,-1.29%
"Feb 05, 2019",321.35,312.49,322.44,312.25,6.74M,2.70%
"Feb 04, 2019",312.89,312.98,315.3,301.88,7.35M,0.22%
"Feb 01, 2019",312.21,305.42,316.1,303.5,7.28M,1.69%
"Jan 31, 2019",307.02,301,311.56,294,12.57M,-0.57%
"Jan 30, 2019",308.77,300.45,309,298.49,11.25M,3.80%
"Jan 29, 2019",297.46,295.27,298.56,291.8,4.62M,0.36%
"Jan 28, 2019",296.38,292.91,297.46,287.75,6.42M,-0.22%
"Jan 25, 2019",297.04,294.39,298.52,289.55,7.26M,1.90%
"Jan 24, 2019",291.51,283.03,293.68,279.28,8.01M,1.36%
"Jan 23, 2019",287.59,292.5,294.5,281.69,12.53M,-3.79%
"Jan 22, 2019",298.92,304.82,308,295.5,12.07M,-1.11%
"Jan 18, 2019",302.26,323,327.13,299.73,24.15M,-12.97%
"Jan 17, 2019",347.31,346.21,351.5,344.15,3.68M,0.36%
"Jan 16, 2019",346.05,344.78,352,343.5,4.69M,0.47%
"Jan 15, 2019",344.43,335,348.8,334.5,6.06M,3.00%
"Jan 14, 2019",334.4,342.38,342.5,334,5.25M,-3.70%
"Jan 11, 2019",347.26,342.09,348.41,338.77,5.04M,0.66%
"Jan 10, 2019",344.97,334.4,345.39,331.79,6.06M,1.90%
"Jan 09, 2019",338.53,335.5,343.5,331.47,5.43M,0.95%
"Jan 08, 2019",335.35,341.96,344.01,327.02,7.01M,0.12%
"Jan 07, 2019",334.96,321.72,336.74,317.75,7.55M,5.44%
"Jan 04, 2019",317.69,306,318,302.73,7.39M,5.77%
"Jan 03, 2019",300.36,307,309.4,297.38,6.97M,-3.15%
"Jan 02, 2019",310.12,306.1,315.13,298.8,11.66M,-6.81%
"Dec 31, 2018",332.8,337.79,339.21,325.26,6.30M,-0.32%
"Dec 28, 2018",333.87,323.1,336.24,318.41,9.94M,5.61%
"Dec 27, 2018",316.13,319.84,322.17,301.5,8.58M,-3.05%
"Dec 26, 2018",326.09,300,326.97,294.09,8.16M,10.39%
"Dec 24, 2018",295.39,313.5,314.5,295.19,5.56M,-7.62%
"Dec 21, 2018",319.77,317.4,323.47,312.44,8.02M,1.39%
"Dec 20, 2018",315.38,327.05,330.29,311.87,9.07M,-5.28%
"Dec 19, 2018",332.97,337.6,347.01,329.74,8.27M,-1.20%
"Dec 18, 2018",337.03,350.54,351.55,333.69,7.10M,-3.27%
"Dec 17, 2018",348.42,362,365.7,343.88,7.67M,-4.73%
"Dec 14, 2018",365.71,375,377.87,364.33,6.34M,-2.94%
"Dec 13, 2018",376.79,370.15,377.44,366.75,7.37M,2.78%
"Dec 12, 2018",366.6,369.42,371.91,365.16,5.03M,-0.04%
"Dec 11, 2018",366.76,369.91,372.17,360.23,6.31M,0.44%
"Dec 10, 2018",365.15,360,365.98,353.12,6.61M,2.01%
"Dec 07, 2018",357.96,369,379.49,357.65,11.51M,-1.40%
"Dec 06, 2018",363.06,356.01,367.38,350.76,7.84M,0.93%
"Dec 04, 2018",359.7,356.05,368.68,352,8.46M,0.34%
"Dec 03, 2018",358.49,360,366,352,8.31M,2.29%
"Nov 30, 2018",350.48,341.83,351.6,338.26,5.63M,2.73%
"Nov 29, 2018",341.17,347,347.5,339.55,3.08M,-1.93%
"Nov 28, 2018",347.87,345.99,348.28,342.21,4.13M,1.15%
"Nov 27, 2018",343.92,340.05,346.96,335.5,6.36M,-0.60%
"Nov 26, 2018",346,325,346.22,325,7.99M,6.19%
"Nov 23, 2018",325.83,334.35,337.5,325.55,4.20M,-3.65%
"Nov 21, 2018",338.19,352,353.1,337.4,4.69M,-2.68%
"Nov 20, 2018",347.49,341.75,349.8,333.55,8.00M,-1.69%
"Nov 19, 2018",353.47,356.34,366.75,352.88,9.71M,-0.24%
"Nov 16, 2018",354.31,345.19,355.7,345.12,7.21M,1.68%
"Nov 15, 2018",348.44,342.33,348.58,339.04,4.63M,1.29%
"Nov 14, 2018",344,342.7,347.11,337.15,5.04M,1.56%
"Nov 13, 2018",338.73,333.16,344.7,332.2,5.45M,2.25%
"Nov 12, 2018",331.28,348.37,349.78,330.34,6.94M,-5.49%
"Nov 09, 2018",350.51,349,354,345.23,5.10M,-0.25%
"Nov 08, 2018",351.4,348.5,357.58,348.44,7.09M,0.93%
"Nov 07, 2018",348.16,343.34,351.18,340.8,7.37M,2.08%
"Nov 06, 2018",341.06,339.07,348.8,336.09,6.76M,-0.10%
"Nov 05, 2018",341.4,340.5,343.95,330.14,7.83M,-1.45%
"Nov 02, 2018",346.41,343.74,349.2,340.91,7.81M,0.62%
"Nov 01, 2018",344.28,338.26,347.84,334.73,8.00M,2.06%
"Oct 31, 2018",337.32,332.54,342,329.1,7.62M,2.25%
"Oct 30, 2018",329.9,328.39,337.9,322.26,9.13M,-1.48%
"Oct 29, 2018",334.85,337.47,347.16,326.5,14.49M,1.19%
"Oct 26, 2018",330.9,308.25,339.9,306.65,27.43M,5.09%
"Oct 25, 2018",314.86,317.22,321,301.01,20.84M,9.14%
"Oct 24, 2018",288.5,301.05,304.44,285.73,20.06M,-1.92%
"Oct 23, 2018",294.14,263.87,297.93,262.1,19.03M,12.72%
"Oct 22, 2018",260.95,260.68,261.86,252.59,5.60M,0.37%
"Oct 19, 2018",260,267.39,269.66,253.5,9.38M,-1.48%
"Oct 18, 2018",263.91,269.29,271,263,5.42M,-2.90%
"Oct 17, 2018",271.78,282.4,282.7,265.8,8.66M,-1.74%
"Oct 16, 2018",276.59,265.7,277.38,262.24,9.53M,6.55%
"Oct 15, 2018",259.59,259.06,263.28,254.54,6.20M,0.31%
"Oct 12, 2018",258.78,261,261.99,252.01,7.20M,2.60%
"Oct 11, 2018",252.23,257.53,262.25,249.03,8.17M,-1.81%
"Oct 10, 2018",256.88,264.61,265.51,247.77,12.82M,-2.25%
"Oct 09, 2018",262.8,255.25,266.77,253.3,12.06M,4.89%
"Oct 08, 2018",250.56,264.52,267.76,249,13.47M,-4.35%
"Oct 05, 2018",261.95,274.65,274.88,260,17.94M,-7.05%
"Oct 04, 2018",281.83,293.95,294,277.67,9.81M,-4.40%
"Oct 03, 2018",294.8,303.33,304.6,291.57,7.99M,-2.07%
"Oct 02, 2018",301.02,313.95,316.84,299.15,11.74M,-3.12%
"Oct 01, 2018",310.7,305.77,311.44,301.05,21.78M,17.35%
"Sep 28, 2018",264.77,270.26,278,260.56,33.65M,-13.90%
"Sep 27, 2018",307.52,312.9,314.96,306.91,8.51M,-0.67%
"Sep 26, 2018",309.58,301.91,313.89,301.11,7.84M,2.85%
"Sep 25, 2018",300.99,300,304.6,296.5,4.48M,0.44%
"Sep 24, 2018",299.68,298.48,303,293.58,4.84M,0.19%
"Sep 21, 2018",299.1,297.7,300.58,295.37,5.05M,0.26%
"Sep 20, 2018",298.33,303.56,305.98,293.33,7.35M,-0.23%
"Sep 19, 2018",299.02,280.51,300,280.5,8.29M,4.93%
"Sep 18, 2018",284.96,296.69,302.64,275.5,16.55M,-3.35%
"Sep 17, 2018",294.84,290.04,300.87,288.13,6.89M,-0.12%
"Sep 14, 2018",295.2,288.76,297.33,286.52,6.77M,1.98%
"Sep 13, 2018",289.46,288.02,295,285.18,6.34M,-0.37%
"Sep 12, 2018",290.54,281.44,292.5,278.65,10.02M,3.97%
"Sep 11, 2018",279.44,279.47,282,273.55,9.17M,-2.12%
"Sep 10, 2018",285.5,273.26,286.03,271,14.28M,8.46%
"Sep 07, 2018",263.24,260.1,268.35,252.25,22.49M,-6.30%
"Sep 06, 2018",280.95,284.8,291.17,278.88,7.48M,0.07%
"Sep 05, 2018",280.74,285.05,286.78,277.18,7.72M,-2.84%
"Sep 04, 2018",288.95,296.94,298.19,288,8.35M,-4.21%
"Aug 31, 2018",301.66,302,305.31,298.6,5.38M,-0.49%
"Aug 30, 2018",303.15,302.26,304.6,297.72,7.22M,-0.61%
"Aug 29, 2018",305.01,310.27,311.85,303.69,7.45M,-2.20%
"Aug 28, 2018",311.86,318.41,318.88,311.19,7.65M,-2.32%
"Aug 27, 2018",319.27,318,322.44,308.81,13.08M,-1.10%
"Aug 24, 2018",322.82,320.7,323.85,319.4,3.60M,0.85%
"Aug 23, 2018",320.1,319.14,327.32,318.1,5.15M,-0.48%
"Aug 22, 2018",321.64,320.87,323.88,314.67,5.95M,-0.08%
"Aug 21, 2018",321.9,310.61,324.79,309,13.17M,4.36%
"Aug 20, 2018",308.44,291.7,308.5,288.2,17.40M,0.96%
"Aug 17, 2018",305.5,323.5,326.77,303.53,18.96M,-8.93%
"Aug 16, 2018",335.45,339.91,342.28,333.82,6.06M,-0.96%
"Aug 15, 2018",338.69,341.91,344.49,332.14,9.10M,-2.57%
"Aug 14, 2018",347.64,358.45,359.2,347.1,6.99M,-2.46%
"Aug 13, 2018",356.41,361.13,363.19,349.02,10.46M,0.26%
"Aug 10, 2018",355.49,354,360,346,11.55M,0.86%
"Aug 09, 2018",352.45,365.55,367.01,345.73,17.18M,-4.83%
"Aug 08, 2018",370.34,369.09,382.64,367.12,24.57M,-2.43%
"Aug 07, 2018",379.57,343.84,387.46,339.15,30.88M,10.99%
"Aug 06, 2018",341.99,345.46,354.98,341.82,8.56M,-1.78%
"Aug 03, 2018",348.17,347.81,355,342.53,13.66M,-0.39%
"Aug 02, 2018",349.54,328.44,349.99,323.16,23.21M,16.19%
"Aug 01, 2018",300.84,297.99,303,293,10.13M,0.91%
"Jul 31, 2018",298.14,292.25,298.32,289.07,5.08M,2.75%
"Jul 30, 2018",290.17,295.9,296.1,286.13,6.81M,-2.36%
"Jul 27, 2018",297.18,307.25,307.69,295.34,5.70M,-3.09%
"Jul 26, 2018",306.65,304.85,310.7,303.64,4.63M,-0.68%
"Jul 25, 2018",308.74,296.74,309.62,294.5,7.09M,3.80%
"Jul 24, 2018",297.43,304.42,307.72,292.55,9.59M,-1.90%
"Jul 23, 2018",303.2,301.84,305.5,292.86,10.99M,-3.31%
"Jul 20, 2018",313.58,321.23,323.24,311.71,5.17M,-2.08%
"Jul 19, 2018",320.23,316.33,323.54,314.01,5.92M,-1.12%
"Jul 18, 2018",323.85,325,325.5,316.25,5.62M,0.36%
"Jul 17, 2018",322.69,308.81,324.74,308.5,7.00M,4.06%
"Jul 16, 2018",310.1,311.71,315.16,306.25,7.82M,-2.75%
"Jul 13, 2018",318.87,315.58,319.58,309.25,5.88M,0.68%
"Jul 12, 2018",316.71,321.43,323.23,312.77,5.72M,-0.71%
"Jul 11, 2018",318.96,315.8,321.94,315.07,4.88M,-1.09%
"Jul 10, 2018",322.47,324.56,327.68,319.2,9.47M,1.24%
"Jul 09, 2018",318.51,311.99,318.52,308,7.60M,3.11%
"Jul 06, 2018",308.9,304.95,312.07,302,8.87M,-0.08%
"Jul 05, 2018",309.16,313.76,314.39,296.22,17.48M,-0.55%
"Jul 03, 2018",310.86,331.75,332.49,309.69,12.28M,-7.23%
"Jul 02, 2018",335.07,360.07,364.78,329.85,18.76M,-2.30%
"Jun 29, 2018",342.95,353.33,353.86,342.41,6.49M,-1.99%
"Jun 28, 2018",349.93,348.66,357.02,346.11,8.40M,1.58%
"Jun 27, 2018",344.5,345,350.79,339.5,8.33M,0.73%
"Jun 26, 2018",342,336.05,343.55,325.8,7.45M,2.70%
"Jun 25, 2018",333.01,330.12,338.47,327.5,6.93M,-0.19%
"Jun 22, 2018",333.63,351.54,352.25,332,10.27M,-3.99%
"Jun 21, 2018",347.51,362,366.21,346.27,7.97M,-4.06%
"Jun 20, 2018",362.22,358.04,364.38,352,8.38M,2.74%
"Jun 19, 2018",352.55,365.16,370,346.25,12.76M,-4.93%
"Jun 18, 2018",370.83,355.4,373.73,354.5,12.07M,3.53%
"Jun 15, 2018",358.17,353.84,364.67,351.25,10.85M,0.13%
"Jun 14, 2018",357.72,347.63,358.75,346.6,10.98M,3.75%
"Jun 13, 2018",344.78,346.71,347.2,339.8,9.47M,0.59%
"Jun 12, 2018",342.77,344.7,354.97,338,22.35M,3.21%
"Jun 11, 2018",332.1,322.51,334.66,322.5,13.18M,4.55%
"Jun 08, 2018",317.66,319,324.48,317.15,8.21M,0.50%
"Jun 07, 2018",316.09,316.15,330,313.58,14.35M,-1.07%
"Jun 06, 2018",319.5,300.5,322.17,297.48,18.77M,9.74%
"Jun 05, 2018",291.13,297.7,297.8,286.74,6.00M,-1.89%
"Jun 04, 2018",296.74,294.34,299,293.55,4.80M,1.69%
"Jun 01, 2018",291.82,285.86,291.95,283.84,5.42M,2.49%
"May 31, 2018",284.73,287.21,290.37,282.93,5.92M,-2.40%
"May 30, 2018",291.72,283.29,295,281.6,7.49M,2.81%
"May 29, 2018",283.76,278.51,286.5,276.15,5.67M,1.76%
"May 25, 2018",278.85,277.63,279.64,275.61,3.88M,0.36%
"May 24, 2018",277.85,278.4,281.11,274.89,4.18M,-0.44%
"May 23, 2018",279.07,277.76,279.91,274,5.99M,1.48%
"May 22, 2018",275.01,287.76,288,273.42,8.95M,-3.33%
"May 21, 2018",284.49,281.33,291.49,281.3,9.18M,2.77%
"May 18, 2018",276.82,284.65,284.65,274,7.25M,-2.71%
"May 17, 2018",284.54,285.9,289.19,283.97,4.42M,-0.68%
"May 16, 2018",286.48,283.83,288.81,281.56,5.67M,0.81%
"May 15, 2018",284.18,285.01,286.96,280.5,9.52M,-2.67%
"May 14, 2018",291.97,303.32,304.94,291.62,7.29M,-3.02%
"May 11, 2018",301.06,307.7,308.88,299.08,4.68M,-1.30%
"May 10, 2018",305.02,307.5,312.99,304.11,5.65M,-0.60%
"May 09, 2018",306.85,300.41,307.01,300.05,5.73M,1.62%
"May 08, 2018",301.97,300.8,307.75,299,5.93M,-0.26%
"May 07, 2018",302.77,297.5,305.96,295.17,8.68M,2.95%
"May 04, 2018",294.09,283,296.86,279.52,8.57M,3.39%
"May 03, 2018",284.45,278.79,288.04,275.23,17.35M,-5.55%
"May 02, 2018",301.15,298.57,306.85,297.78,8.97M,0.41%
"May 01, 2018",299.92,293.51,300.82,293.22,4.63M,2.05%
"Apr 30, 2018",293.9,293.61,298.73,292.5,4.23M,-0.06%
"Apr 27, 2018",294.07,285.37,294.47,283.83,4.36M,3.01%
"Apr 26, 2018",285.48,278.75,285.79,276.5,4.36M,1.71%
"Apr 25, 2018",280.69,283.5,285.16,277.25,4.01M,-0.98%
"Apr 24, 2018",283.46,285,287.09,278.46,5.69M,0.03%
"Apr 23, 2018",283.37,291.29,291.62,282.33,4.89M,-2.37%
"Apr 20, 2018",290.24,295.17,299.98,289.75,5.63M,-3.28%
"Apr 19, 2018",300.08,291.08,301.01,288.55,6.09M,2.29%
"Apr 18, 2018",293.35,291.08,300.24,288.16,6.56M,1.97%
"Apr 17, 2018",287.69,288.87,292.17,282.51,7.00M,-1.21%
"Apr 16, 2018",291.21,299,299.66,289.01,6.34M,-3.04%
"Apr 13, 2018",300.34,303.6,303.95,295.98,7.33M,2.13%
"Apr 12, 2018",294.08,302.32,303.95,293.68,7.61M,-2.28%
"Apr 11, 2018",300.93,300.74,308.98,299.66,7.48M,-1.24%
"Apr 10, 2018",304.7,298.97,307.1,293.68,11.02M,5.19%
"Apr 09, 2018",289.66,300.37,309.5,289.21,10.25M,-3.22%
"Apr 06, 2018",299.3,301,309.28,295.5,13.52M,-2.10%
"Apr 05, 2018",305.72,289.34,306.26,288.2,19.12M,6.54%
"Apr 04, 2018",286.94,252.78,288.37,252,19.90M,7.26%
"Apr 03, 2018",267.53,269.82,273.35,254.49,18.84M,5.96%
"Apr 02, 2018",252.48,256.26,260.33,244.59,16.11M,-5.13%
"Mar 29, 2018",266.13,256.49,270.96,248.21,15.17M,3.24%
"Mar 28, 2018",257.78,264.58,268.68,252.1,21.00M,-7.67%
"Mar 27, 2018",279.18,304,304.27,277.18,13.87M,-8.22%
"Mar 26, 2018",304.18,307.34,307.59,291.36,8.38M,0.88%
"Mar 23, 2018",301.54,311.25,311.61,300.45,6.65M,-2.45%
"Mar 22, 2018",309.1,313.89,318.82,308.18,4.94M,-2.35%
"Mar 21, 2018",316.53,310.25,322.44,310.19,5.96M,1.93%
"Mar 20, 2018",310.55,314.87,316.25,308.76,4.76M,-0.96%
"Mar 19, 2018",313.56,316.5,320.75,309.67,7.48M,-2.42%
"Mar 16, 2018",321.35,325.96,327.4,319.07,6.12M,-1.31%
"Mar 15, 2018",325.6,329.38,332.85,321.1,6.56M,-0.32%
"Mar 14, 2018",326.63,336.76,339.81,323.93,7.97M,-4.45%
"Mar 13, 2018",341.84,344.92,345.12,336.26,5.97M,-1.06%
"Mar 12, 2018",345.51,328.61,347.21,326.5,8.26M,5.61%
"Mar 09, 2018",327.17,324.1,328.49,322.37,5.51M,-0.59%
"Mar 08, 2018",329.1,332.86,333.3,326.27,3.57M,-0.96%
"Mar 07, 2018",332.3,325.44,332.5,321.74,5.01M,1.25%
"Mar 06, 2018",328.2,333.75,336.37,327.03,4.29M,-1.54%
"Mar 05, 2018",333.35,332.39,337.75,329.29,3.82M,-0.53%
"Mar 02, 2018",335.12,326.98,335.22,322.97,5.09M,1.27%
"Mar 01, 2018",330.93,345.01,348.67,330.07,6.89M,-3.54%
"Feb 28, 2018",343.06,352.57,355.24,342.22,6.07M,-2.26%
"Feb 27, 2018",350.99,356.25,359.99,350.01,4.80M,-1.80%
"Feb 26, 2018",357.42,353.5,359,352.36,4.34M,1.53%
"Feb 23, 2018",352.05,347.83,354.99,347.1,5.82M,1.70%
"Feb 22, 2018",346.17,335.53,347.44,334.75,6.97M,3.86%
"Feb 21, 2018",333.3,336.03,339.69,333.17,3.22M,-0.44%
"Feb 20, 2018",334.77,334.47,340.84,331.5,4.01M,-0.21%
"Feb 16, 2018",335.49,332.5,343.12,331.64,5.64M,0.43%
"Feb 15, 2018",334.06,324.5,334.12,322.4,5.91M,3.65%
"Feb 14, 2018",322.31,320.84,326.17,318.52,3.95M,-0.42%
"Feb 13, 2018",323.66,315.02,324.19,312.51,4.56M,2.51%
"Feb 12, 2018",315.73,316.13,318.08,306.25,6.23M,1.71%
"Feb 09, 2018",310.42,319.93,320.98,294.76,12.93M,-1.53%
"Feb 08, 2018",315.23,343.31,348.62,314.6,10.31M,-8.63%
"Feb 07, 2018",345,338.99,346,335.66,6.97M,3.30%
"Feb 06, 2018",333.97,325.21,336.22,323.5,5.09M,0.25%
"Feb 05, 2018",333.13,337.97,344.47,333,4.46M,-3.09%
"Feb 02, 2018",343.75,348.44,351.95,340.51,3.70M,-1.57%
"Feb 01, 2018",349.25,351,359.66,348.63,4.20M,-1.43%
"Jan 31, 2018",354.31,347.51,356.19,345.19,6.21M,2.46%
"Jan 30, 2018",345.82,345.14,348.27,342.17,4.72M,-1.06%
"Jan 29, 2018",349.53,339.85,350.85,338.28,4.75M,1.95%
"Jan 26, 2018",342.85,341.5,344,335.71,4.54M,1.54%
"Jan 25, 2018",337.64,348.27,349.2,336.4,6.74M,-2.39%
"Jan 24, 2018",345.89,354.58,354.75,343.52,5.29M,-1.96%
"Jan 23, 2018",352.79,360,360.5,351,5.47M,0.35%
"Jan 22, 2018",351.56,349.4,357.83,349.2,6.21M,0.44%
"Jan 19, 2018",350.02,345,350.59,342.6,4.89M,1.58%
"Jan 18, 2018",344.57,345.67,352.3,343.74,5.69M,-0.75%
"Jan 17, 2018",347.16,340.47,349,339.75,7.10M,2.09%
"Jan 16, 2018",340.06,337.54,345,334.8,6.47M,1.14%
"Jan 12, 2018",336.22,338.63,340.41,333.67,4.83M,-0.51%
"Jan 11, 2018",337.95,335.24,344.81,333.26,6.65M,0.94%
"Jan 10, 2018",334.8,332.2,337,330,4.31M,0.33%
"Jan 09, 2018",333.69,335.16,338.8,327.4,7.15M,-0.81%
"Jan 08, 2018",336.41,316,337.02,315.5,9.86M,6.26%
"Jan 05, 2018",316.58,316.62,317.24,312,4.59M,0.62%
"Jan 04, 2018",314.62,312.87,318.55,305.68,9.95M,-0.83%
"Jan 03, 2018",317.25,321,325.25,315.55,4.52M,-1.02%
"Jan 02, 2018",320.53,312,322.11,311,4.35M,2.95%
"Dec 29, 2017",311.35,316.18,316.41,310,3.78M,-1.27%
"Dec 28, 2017",315.36,311.75,315.82,309.54,4.32M,1.19%
"Dec 27, 2017",311.64,316,317.68,310.75,4.71M,-1.78%
"Dec 26, 2017",317.29,323.83,323.94,316.58,4.38M,-2.43%
"Dec 22, 2017",325.2,329.51,330.92,324.82,4.22M,-1.95%
"Dec 21, 2017",331.66,329.59,333.74,327.21,4.39M,0.81%
"Dec 20, 2017",328.98,332.69,333.1,325.04,5.95M,-0.64%
"Dec 19, 2017",331.1,340.26,341.49,330.3,6.82M,-2.29%
"Dec 18, 2017",338.87,344.9,346.73,337.58,5.48M,-1.33%
"Dec 15, 2017",343.45,342.04,343.9,335.76,6.93M,1.65%
"Dec 14, 2017",337.89,341.01,347.44,336.9,5.80M,-0.34%
"Dec 13, 2017",339.03,340.93,344.22,336.5,6.22M,-0.59%
"Dec 12, 2017",341.03,330.45,341.44,330.03,8.73M,3.68%
"Dec 11, 2017",328.91,314.63,329.01,313.75,7.94M,4.37%
"Dec 08, 2017",315.13,314.6,316.98,311.26,3.47M,1.25%
"Dec 07, 2017",311.24,312,318.63,311.05,4.78M,-0.64%
"Dec 06, 2017",313.26,300.1,313.39,300,7.20M,3.15%
"Dec 05, 2017",303.7,302,308,301,4.65M,-0.49%
"Dec 04, 2017",305.2,306.5,308.26,300.61,5.84M,-0.43%
"Dec 01, 2017",306.53,305.44,310.32,305.05,4.29M,-0.75%
"Nov 30, 2017",308.85,308.56,310.7,304.54,4.35M,0.43%
"Nov 29, 2017",307.54,317.3,318,301.23,8.77M,-3.15%
"Nov 28, 2017",317.55,316.36,320,313.92,4.95M,0.23%
"Nov 27, 2017",316.81,313.25,317.34,309.51,4.56M,0.40%
"Nov 24, 2017",315.55,313.79,316.41,311,3.24M,0.94%
"Nov 22, 2017",312.6,316.77,317.42,311.84,4.92M,-1.64%
"Nov 21, 2017",317.81,310.86,318.23,308.71,7.26M,2.94%
"Nov 20, 2017",308.74,313.79,315.5,304.75,8.25M,-2.00%
"Nov 17, 2017",315.05,325.67,326.67,313.15,13.74M,0.82%
"Nov 16, 2017",312.5,313.99,318.14,311.3,5.82M,0.39%
"Nov 15, 2017",311.3,306.01,312.49,301.5,5.98M,0.84%
"Nov 14, 2017",308.7,315,316.35,306.9,5.68M,-2.12%
"Nov 13, 2017",315.4,300.13,316.8,299.11,7.58M,4.10%
"Nov 10, 2017",302.99,302.5,308.36,301.85,4.63M,0.00%
"Nov 09, 2017",302.99,302.5,304.46,296.3,5.45M,-0.46%
"Nov 08, 2017",304.39,305.5,306.89,301.3,4.73M,-0.54%
"Nov 07, 2017",306.05,301.02,306.5,300.03,5.29M,1.08%
"Nov 06, 2017",302.78,307,307.5,299.01,6.49M,-1.08%
"Nov 03, 2017",306.09,299.5,306.25,295.13,8.89M,2.28%
"Nov 02, 2017",299.26,300.13,308.69,292.63,19.79M,-6.80%
"Nov 01, 2017",321.08,332.25,332.61,320.26,8.46M,-3.15%
"Oct 31, 2017",331.53,320.23,331.95,320.18,5.67M,3.58%
"Oct 30, 2017",320.08,319.18,323.78,317.25,4.25M,-0.25%
"Oct 27, 2017",320.87,319.75,324.59,316.66,6.98M,-1.62%
"Oct 26, 2017",326.17,327.78,330.23,323.2,5.02M,0.10%
"Oct 25, 2017",325.84,336.7,337.5,323.56,8.59M,-3.41%
"Oct 24, 2017",337.34,338.8,342.8,336.16,4.49M,0.09%
"Oct 23, 2017",337.02,349.88,349.95,336.25,5.75M,-2.34%
"Oct 20, 2017",345.1,352.69,354.55,344.34,4.93M,-1.91%
"Oct 19, 2017",351.81,355.56,357.15,348.2,5.06M,-2.18%
"Oct 18, 2017",359.65,355.97,363,354.13,4.94M,1.10%
"Oct 17, 2017",355.75,350.91,356.22,350.07,3.29M,1.47%
"Oct 16, 2017",350.6,353.76,354.48,347.16,5.38M,-1.40%
"Oct 13, 2017",355.57,356.98,358.49,353.68,3.54M,-0.03%
"Oct 12, 2017",355.68,352.95,359.78,352.64,4.09M,0.30%
"Oct 11, 2017",354.6,353.89,357.6,351.15,4.50M,-0.28%
"Oct 10, 2017",355.59,346.8,355.63,345.53,6.98M,3.69%
"Oct 09, 2017",342.94,349.65,351.75,342.67,7.49M,-3.91%
"Oct 06, 2017",356.88,353.1,360.1,352.25,4.30M,0.44%
"Oct 05, 2017",355.33,356,357.44,351.35,4.17M,0.09%
"Oct 04, 2017",355.01,351.25,358.62,349.6,8.16M,1.97%
"Oct 03, 2017",348.14,335.9,348.55,331.28,10.15M,1.94%
"Oct 02, 2017",341.53,342.52,343.7,335.51,5.29M,0.13%
"Sep 29, 2017",341.1,341.86,344.68,338.6,5.11M,0.44%
"Sep 28, 2017",339.6,339.88,342.75,335.4,5.32M,-0.40%
"Sep 27, 2017",340.97,349.9,351.49,340.5,6.06M,-1.24%
"Sep 26, 2017",345.25,350.93,351.24,340.9,7.16M,0.08%
"Sep 25, 2017",344.99,353.15,357.47,342.88,7.61M,-1.74%
"Sep 22, 2017",351.09,366.49,369.9,350.88,8.16M,-4.20%
"Sep 21, 2017",366.48,374.9,376.83,364.51,4.62M,-1.99%
"Sep 20, 2017",373.91,373,378.25,371.07,4.92M,-0.32%
"Sep 19, 2017",375.1,380,382.39,373.57,6.45M,-2.57%
"Sep 18, 2017",385,380.25,389.61,377.68,7.19M,1.37%
"Sep 15, 2017",379.81,374.51,380,372.7,5.42M,0.57%
"Sep 14, 2017",377.64,364.33,377.96,362.63,7.20M,3.12%
"Sep 13, 2017",366.23,363.82,368.07,359.59,4.19M,0.96%
"Sep 12, 2017",362.75,364.49,368.76,360.4,5.97M,-0.26%
"Sep 11, 2017",363.69,351.35,363.71,350,7.67M,5.91%
"Sep 08, 2017",343.4,348.99,349.78,342.3,3.26M,-2.06%
"Sep 07, 2017",350.61,345.98,352.48,343.45,4.24M,1.76%
"Sep 06, 2017",344.53,349.5,350.98,341.56,4.09M,-1.45%
"Sep 05, 2017",349.59,353.8,355.49,345.89,3.85M,-1.63%
"Sep 01, 2017",355.4,356.12,357.59,353.69,3.05M,-0.14%
"Aug 31, 2017",355.9,353.55,358.44,352.82,4.07M,0.77%
"Aug 30, 2017",353.18,349.67,353.47,347,3.41M,1.68%
"Aug 29, 2017",347.36,339.48,349.05,338.75,4.07M,0.49%
"Aug 28, 2017",345.66,347.28,347.35,339.72,3.76M,-0.69%
"Aug 25, 2017",348.05,354.24,355.69,347.3,3.48M,-1.38%
"Aug 24, 2017",352.93,352.52,356.66,349.74,4.58M,0.05%
"Aug 23, 2017",352.77,338.99,353.49,338.3,4.95M,3.35%
"Aug 22, 2017",341.35,341.13,342.24,337.37,4.32M,1.03%
"Aug 21, 2017",337.86,345.82,345.82,331.85,6.50M,-2.76%
"Aug 18, 2017",347.46,352.91,354,345.8,5.41M,-1.27%
"Aug 17, 2017",351.92,361.21,363.3,351.59,5.03M,-3.03%
"Aug 16, 2017",362.91,363,366.5,362.52,3.41M,0.16%
"Aug 15, 2017",362.33,365.2,365.49,359.37,3.09M,-0.40%
"Aug 14, 2017",363.8,364.63,367.66,362.6,4.52M,1.66%
"Aug 11, 2017",357.87,356.97,361.26,353.62,4.37M,0.69%
"Aug 10, 2017",355.4,361.6,366.65,354.66,7.09M,-2.24%
"Aug 09, 2017",363.53,361,370,358.95,6.89M,-0.46%
"Aug 08, 2017",365.22,357.53,368.58,357.4,7.45M,2.83%
"Aug 07, 2017",355.17,357.35,359.48,352.75,6.32M,-0.49%
"Aug 04, 2017",356.91,347,357.27,343.3,9.27M,2.83%
"Aug 03, 2017",347.09,345.33,350,343.15,13.54M,6.51%
"Aug 02, 2017",325.89,318.94,327.12,311.22,13.09M,1.98%
"Aug 01, 2017",319.57,323,324.45,316.13,8.30M,-1.21%
"Jul 31, 2017",323.47,335.5,341.49,321.04,8.54M,-3.46%
"Jul 28, 2017",335.07,336.89,339.6,332.51,4.88M,0.18%
"Jul 27, 2017",334.46,346,347.5,326.29,8.30M,-2.73%
"Jul 26, 2017",343.85,340.36,345.5,338.12,4.82M,1.25%
"Jul 25, 2017",339.6,345,345.6,334.15,6.99M,-0.85%
"Jul 24, 2017",342.52,330.24,343.4,330.01,8.64M,4.30%
"Jul 21, 2017",328.4,329.46,331.26,325.8,4.90M,-0.46%
"Jul 20, 2017",329.92,326.9,330.22,324.2,5.17M,1.43%
"Jul 19, 2017",325.26,328.23,331.65,323.22,6.36M,-0.91%
"Jul 18, 2017",328.24,317.5,329.13,315.66,6.37M,2.71%
"Jul 17, 2017",319.57,325.54,327.1,313.45,9.88M,-2.50%
"Jul 14, 2017",327.78,323.19,328.42,321.22,5.63M,1.35%
"Jul 13, 2017",323.41,330.11,331.6,319.97,8.59M,-1.85%
"Jul 12, 2017",329.52,330.4,333.1,324.5,10.35M,0.70%
"Jul 11, 2017",327.22,316,327.28,314.3,11.56M,3.53%
"Jul 10, 2017",316.05,312.9,317.94,303.13,13.82M,0.90%
"Jul 07, 2017",313.22,313.5,317,307.38,14.18M,1.42%
"Jul 06, 2017",308.83,317.26,320.79,306.3,19.32M,-5.58%
"Jul 05, 2017",327.09,347.2,347.24,326.33,17.05M,-7.24%
"Jul 03, 2017",352.62,370.24,371.35,351.5,6.31M,-2.49%
"Jun 30, 2017",361.61,363.71,366.77,359.62,5.85M,0.24%
"Jun 29, 2017",360.75,370.61,371,354.1,8.22M,-2.83%
"Jun 28, 2017",371.24,366.68,371.74,362.52,6.30M,2.45%
"Jun 27, 2017",362.37,376.4,376.4,362.02,7.00M,-4.01%
"Jun 26, 2017",377.49,386.69,386.95,373.1,6.60M,-1.55%
"Jun 23, 2017",383.45,382.45,386.99,379.35,6.45M,0.22%
"Jun 22, 2017",382.61,377.99,385,373.57,7.53M,1.65%
"Jun 21, 2017",376.4,374.35,376.99,368.02,4.92M,1.12%
"Jun 20, 2017",372.24,376.67,378.88,369.73,7.44M,0.66%
"Jun 19, 2017",369.8,375,376.7,367.8,6.55M,-0.43%
"Jun 16, 2017",371.4,377.98,378.01,370.1,6.73M,-1.05%
"Jun 15, 2017",375.34,372.5,375.46,366.49,10.43M,-1.40%
"Jun 14, 2017",380.66,381.08,384.25,376.31,12.82M,1.25%
"Jun 13, 2017",375.95,367.62,376,366.61,11.81M,4.72%
"Jun 12, 2017",359.01,357.99,364.5,350.62,10.52M,0.47%
"Jun 09, 2017",357.32,374.42,376.87,354.8,17.26M,-3.43%
"Jun 08, 2017",370,363.75,371.9,360.22,9.06M,2.88%
"Jun 07, 2017",359.65,356.34,360.5,355.14,9.40M,1.93%
"Jun 06, 2017",352.85,344.7,359.49,339.97,11.09M,1.59%
"Jun 05, 2017",347.32,338.5,348.44,334.21,6.78M,2.20%
"Jun 02, 2017",339.85,339.77,342.88,335.93,5.59M,-0.15%
"Jun 01, 2017",340.37,344,344.88,337.29,7.61M,-0.19%
"May 31, 2017",341.01,337.69,342.89,335.16,9.96M,1.76%
"May 30, 2017",335.1,326,336.28,325.76,7.78M,3.06%
"May 26, 2017",325.14,317.28,325.49,316.31,7.80M,2.62%
"May 25, 2017",316.83,311.02,316.97,307.81,5.01M,2.13%
"May 24, 2017",310.22,306.51,311,305.4,5.04M,2.09%
"May 23, 2017",303.86,310.46,310.73,303.48,4.32M,-2.09%
"May 22, 2017",310.35,312.8,314.37,306.8,4.33M,-0.15%
"May 19, 2017",310.83,315.5,316.5,310.2,4.69M,-0.71%
"May 18, 2017",313.06,307,313.94,305.31,5.65M,2.27%
"May 17, 2017",306.11,314.39,314.63,305.5,6.71M,-3.44%
"May 16, 2017",317.01,317.59,320.06,315.14,4.15M,0.36%
"May 15, 2017",315.88,318.38,320.2,312.53,7.62M,-2.75%
"May 12, 2017",324.81,325.48,327,321.53,4.12M,0.53%
"May 11, 2017",323.1,323.4,326,319.6,4.75M,-0.65%
"May 10, 2017",325.22,321.56,325.5,318.12,5.74M,1.23%
"May 09, 2017",321.26,309.38,321.99,309.1,9.68M,4.58%
"May 08, 2017",307.19,310.9,313.79,305.82,7.01M,-0.38%
"May 05, 2017",308.35,298,308.55,296.8,8.18M,4.36%
"May 04, 2017",295.46,307.44,307.77,290.76,14.15M,-5.00%
"May 03, 2017",311.02,317.67,321.53,310.45,7.13M,-2.47%
"May 02, 2017",318.89,324,327.66,316.56,5.38M,-1.22%
"May 01, 2017",322.83,314.88,327.25,314.81,8.83M,2.79%
"Apr 28, 2017",314.07,309.83,314.8,308,4.51M,1.76%
"Apr 27, 2017",308.63,311.69,313.09,307.5,3.47M,-0.50%
"Apr 26, 2017",310.17,312.37,314.5,309,4.70M,-1.15%
"Apr 25, 2017",313.79,308,313.98,305.86,6.74M,1.87%
"Apr 24, 2017",308.03,309.22,310.55,306.02,5.08M,0.80%
"Apr 21, 2017",305.6,302,306.4,300.42,4.51M,1.02%
"Apr 20, 2017",302.51,306.51,309.15,300.23,6.15M,-0.99%
"Apr 19, 2017",305.52,302.46,306.62,302.11,3.90M,1.76%
"Apr 18, 2017",300.25,299.7,300.84,297.9,3.04M,-0.39%
"Apr 17, 2017",301.44,302.7,304,298.68,4.14M,-0.84%
"Apr 13, 2017",304,296.7,307.39,295.3,9.28M,2.41%
"Apr 12, 2017",296.84,306.34,308.45,296.32,6.05M,-3.85%
"Apr 11, 2017",308.71,313.38,313.47,305.5,5.72M,-1.18%
"Apr 10, 2017",312.39,309.15,313.73,308.71,7.66M,3.26%
"Apr 07, 2017",302.54,297.5,302.69,297.15,4.58M,1.29%
"Apr 06, 2017",298.7,296.88,301.94,294.1,5.52M,1.25%
"Apr 05, 2017",295,302.04,304.88,294.2,7.88M,-2.86%
"Apr 04, 2017",303.7,296.89,304.81,294.53,10.13M,1.74%
"Apr 03, 2017",298.52,286.9,299,284.58,13.89M,7.27%
"Mar 31, 2017",278.3,278.73,279.68,276.32,3.29M,0.14%
"Mar 30, 2017",277.92,278.04,282,277.21,4.15M,0.19%
"Mar 29, 2017",277.38,278.34,279.6,275.54,3.68M,-0.03%
"Mar 28, 2017",277.45,277.02,280.68,275,7.99M,2.68%
"Mar 27, 2017",270.22,260.6,270.57,259.75,6.23M,2.68%
"Mar 24, 2017",263.16,255.7,263.89,255.01,5.65M,3.29%
"Mar 23, 2017",254.78,255.39,257.67,253.3,3.32M,-0.09%
"Mar 22, 2017",255.01,251.56,255.07,250.51,4.06M,1.73%
"Mar 21, 2017",250.68,262.83,264.8,250.24,6.91M,-4.29%
"Mar 20, 2017",261.92,260.6,264.55,258.82,3.61M,0.16%
"Mar 17, 2017",261.5,264,265.33,261.2,6.50M,-0.21%
"Mar 16, 2017",262.05,262.4,265.75,259.06,7.13M,2.47%
"Mar 15, 2017",255.73,257,261,254.27,5.33M,-0.88%
"Mar 14, 2017",258,246.11,258.12,246.02,7.60M,4.81%
"Mar 13, 2017",246.17,244.82,246.85,242.78,3.02M,1.02%
"Mar 10, 2017",243.69,246.21,246.5,243,3.07M,-0.49%
"Mar 09, 2017",244.9,247.63,248.66,243,3.88M,-0.80%
"Mar 08, 2017",246.87,247,250.07,245.32,3.73M,-0.69%
"Mar 07, 2017",248.59,251.92,253.89,248.32,3.46M,-1.04%
"Mar 06, 2017",251.21,247.91,251.7,247.51,3.36M,-0.14%
"Mar 03, 2017",251.57,250.74,251.9,249,2.93M,0.44%
"Mar 02, 2017",250.48,249.71,253.28,248.27,3.35M,0.18%
"Mar 01, 2017",250.02,254.18,254.85,249.11,4.81M,0.01%
"Feb 28, 2017",249.99,244.19,251,243.9,6.08M,1.53%
"Feb 27, 2017",246.23,248.17,248.36,242.01,11.46M,-4.19%
"Feb 24, 2017",257,252.66,258.25,250.2,8.17M,0.39%
"Feb 23, 2017",255.99,264,264.66,255.56,14.92M,-6.41%
"Feb 22, 2017",273.51,280.31,283.45,272.6,8.75M,-1.40%
"Feb 21, 2017",277.39,275.45,281.4,274.01,5.68M,1.90%
"Feb 17, 2017",272.23,265.8,272.89,264.15,6.26M,1.22%
"Feb 16, 2017",268.95,277.6,280,268.5,7.08M,-3.86%
"Feb 15, 2017",279.76,280,282.24,276.44,4.95M,-0.43%
"Feb 14, 2017",280.98,279.03,287.39,278.61,7.35M,0.14%
"Feb 13, 2017",280.6,270.74,280.79,270.51,7.03M,4.22%
"Feb 10, 2017",269.23,269.79,270.95,266.11,3.62M,0.01%
"Feb 09, 2017",269.2,266.25,271.18,266.15,7.82M,2.72%
"Feb 08, 2017",262.08,257.35,263.36,256.2,3.93M,1.79%
"Feb 07, 2017",257.48,258.19,260,256.42,4.24M,-0.11%
"Feb 06, 2017",257.77,251,257.82,250.63,3.56M,2.56%
"Feb 03, 2017",251.33,251.91,252.18,249.68,2.19M,-0.09%
"Feb 02, 2017",251.55,248.34,252.42,247.71,2.50M,0.93%
"Feb 01, 2017",249.24,253.05,253.2,249.05,3.96M,-1.07%
"Jan 31, 2017",251.93,249.24,255.89,247.7,4.12M,0.52%
"Jan 30, 2017",250.63,252.53,255.29,247.1,3.80M,-0.92%
"Jan 27, 2017",252.95,251.38,253,248.52,3.17M,0.17%
"Jan 26, 2017",252.51,254.29,255.74,250.75,3.15M,-0.77%
"Jan 25, 2017",254.47,257.31,258.46,251.8,5.15M,-0.05%
"Jan 24, 2017",254.61,250,254.8,249.65,4.97M,2.29%
"Jan 23, 2017",248.92,245.85,250.89,245.5,6.26M,1.71%
"Jan 20, 2017",244.73,245.46,246,243.01,4.20M,0.40%
"Jan 19, 2017",243.76,247.25,248.68,240.75,7.73M,2.27%
"Jan 18, 2017",238.36,236.65,239.71,235.58,3.77M,1.18%
"Jan 17, 2017",235.58,236.7,239.96,234.37,4.62M,-0.91%
"Jan 13, 2017",237.75,230,237.85,229.59,6.09M,3.55%
"Jan 12, 2017",229.59,229.06,230.7,225.58,3.79M,-0.06%
"Jan 11, 2017",229.73,229.07,229.98,226.68,3.65M,-0.06%
"Jan 10, 2017",229.87,232,232,226.89,3.66M,-0.61%
"Jan 09, 2017",231.28,228.97,231.92,228,3.98M,0.99%
"Jan 06, 2017",229.01,226.93,230.31,225.45,5.53M,1.00%
"Jan 05, 2017",226.75,226.42,227.48,221.95,5.91M,-0.11%
"Jan 04, 2017",226.99,214.75,228,214.31,11.21M,4.61%
"Jan 03, 2017",216.99,214.86,220.33,210.96,5.92M,1.54%
"Dec 30, 2016",213.69,216.3,217.5,211.68,4.64M,-0.46%
"Dec 29, 2016",214.68,218.56,219.2,214.12,4.04M,-2.30%
"Dec 28, 2016",219.74,221.53,223.8,217.2,3.78M,0.10%
"Dec 27, 2016",219.53,214.88,222.25,214.42,5.92M,2.90%
"Dec 23, 2016",213.34,208,213.45,207.71,4.67M,2.35%
"Dec 22, 2016",208.45,208.22,209.99,206.5,3.11M,0.36%
"Dec 21, 2016",207.7,208.45,212.23,207.41,5.21M,-0.52%
"Dec 20, 2016",208.79,203.05,209,202.5,4.69M,2.99%
"Dec 19, 2016",202.73,202.49,204.45,199.84,3.49M,0.12%
"Dec 16, 2016",202.49,198.08,202.59,197.6,3.80M,2.49%
"Dec 15, 2016",197.58,198.41,200.74,197.39,3.22M,-0.56%
"Dec 14, 2016",198.69,198.74,203,196.76,4.15M,0.27%
"Dec 13, 2016",198.15,193.18,201.28,193,6.82M,2.97%
"Dec 12, 2016",192.43,192.8,194.42,191.04,2.44M,0.13%
"Dec 09, 2016",192.18,190.87,193.84,190.81,2.72M,-0.06%
"Dec 08, 2016",192.29,192.05,192.5,189.54,3.19M,-0.45%
"Dec 07, 2016",193.15,186.15,193.4,185,5.46M,3.93%
"Dec 06, 2016",185.85,185.52,186.58,182.68,3.39M,-0.51%
"Dec 05, 2016",186.8,182.51,188.89,182.51,4.07M,2.94%
"Dec 02, 2016",181.47,182.88,184.88,180,4.04M,-0.23%
"Dec 01, 2016",181.88,188.25,188.53,181,5.13M,-3.97%
"Nov 30, 2016",189.4,191,191.89,187.5,3.55M,-0.09%
"Nov 29, 2016",189.57,195.56,196.73,189.5,4.44M,-3.34%
"Nov 28, 2016",196.12,195.48,199.35,194.55,4.53M,-0.27%
"Nov 25, 2016",196.65,193.64,197.24,193.64,2.37M,1.82%
"Nov 23, 2016",193.14,190.61,195.64,189,4.89M,1.03%
"Nov 22, 2016",191.17,185.84,191.47,183.71,5.60M,3.60%
"Nov 21, 2016",184.52,185.04,188.89,184.41,4.36M,-0.27%
"Nov 18, 2016",185.02,190.65,193,185,5.21M,-1.93%
"Nov 17, 2016",188.66,183.49,189.49,182.11,4.89M,2.57%
"Nov 16, 2016",183.93,182.65,184.73,181.21,3.43M,0.09%
"Nov 15, 2016",183.77,182.78,186.43,182.05,3.90M,1.28%
"Nov 14, 2016",181.45,188,188.25,178.19,6.55M,-3.77%
"Nov 11, 2016",188.56,184.24,188.88,183,3.99M,1.73%
"Nov 10, 2016",185.35,191.05,191.61,180.42,6.75M,-2.48%
"Nov 09, 2016",190.06,186.88,192,183.95,8.17M,-2.50%
"Nov 08, 2016",194.94,193.79,197.49,191.26,3.27M,0.90%
"Nov 07, 2016",193.21,193.59,194.29,190.05,3.87M,1.39%
"Nov 04, 2016",190.56,189,193.46,185.96,5.15M,1.68%
"Nov 03, 2016",187.42,189,191.47,187.04,2.65M,-0.32%
"Nov 02, 2016",188.02,190.05,192.7,187.5,4.25M,-1.45%
"Nov 01, 2016",190.79,198.04,198.5,188.1,7.06M,-3.51%
"Oct 31, 2016",197.73,202.49,202.49,195.81,4.69M,-1.12%
"Oct 28, 2016",199.97,204,205.32,199.83,4.28M,-1.98%
"Oct 27, 2016",204.01,211.34,213.7,201.65,13.09M,0.88%
"Oct 26, 2016",202.24,201,203.19,200.1,5.63M,-0.05%
"Oct 25, 2016",202.34,202.9,204.69,201.2,2.45M,-0.21%
"Oct 24, 2016",202.76,201,203.95,200.25,2.75M,1.33%
"Oct 21, 2016",200.09,198.6,201.57,197.41,2.94M,0.50%
"Oct 20, 2016",199.1,202.12,203,197.05,5.07M,-2.19%
"Oct 19, 2016",203.56,199.74,206.66,198.06,6.99M,2.24%
"Oct 18, 2016",199.1,195.99,199.47,193.26,5.68M,2.65%
"Oct 17, 2016",193.96,197.05,198.39,192,4.55M,-1.30%
"Oct 14, 2016",196.51,200.66,201.43,196.3,4.27M,-1.86%
"Oct 13, 2016",200.24,200.5,200.9,197.05,2.50M,-0.63%
"Oct 12, 2016",201.51,200.95,203.88,200.42,1.97M,0.70%
"Oct 11, 2016",200.1,201.85,202.2,198.31,2.33M,-0.42%
"Oct 10, 2016",200.95,201.35,204.14,199.66,3.32M,2.21%
"Oct 07, 2016",196.61,201,201.32,195.8,3.49M,-2.18%
"Oct 06, 2016",201,202.46,204.21,200.21,4.70M,-3.58%
"Oct 05, 2016",208.46,212.24,213.15,208.12,1.88M,-1.40%
"Oct 04, 2016",211.41,213.1,213.32,208.82,3.54M,-1.07%
"Oct 03, 2016",213.7,212.3,215.67,208.25,6.00M,4.74%
"Sep 30, 2016",204.03,202.21,204.98,199.55,2.59M,1.66%
"Sep 29, 2016",200.7,205.6,207.33,200.58,2.73M,-2.70%
"Sep 28, 2016",206.27,207.51,208.25,205.26,2.09M,0.22%
"Sep 27, 2016",205.81,209.65,209.98,204.61,3.37M,-1.52%
"Sep 26, 2016",208.99,206.5,211,206.5,2.39M,0.74%
"Sep 23, 2016",207.45,205.99,210.18,205.67,2.91M,0.49%
"Sep 22, 2016",206.43,206.4,207.28,203,2.38M,0.59%
"Sep 21, 2016",205.22,206.37,207,201.56,2.63M,0.28%
"Sep 20, 2016",204.64,206.85,207.75,203.91,2.41M,-0.82%
"Sep 19, 2016",206.34,207,209.43,205,2.30M,0.46%
"Sep 16, 2016",205.4,200.42,205.7,199,3.11M,2.48%
"Sep 15, 2016",200.42,196.49,202.52,196.4,3.09M,2.04%
"Sep 14, 2016",196.41,195.75,197.92,194.86,2.26M,0.18%
"Sep 13, 2016",196.05,197.06,198.49,193.45,3.59M,-1.13%
"Sep 12, 2016",198.3,195,201.37,194.1,3.72M,1.97%
"Sep 09, 2016",194.47,199.09,199.92,193.7,3.76M,-1.46%
"Sep 08, 2016",197.36,199.55,199.89,196.36,3.38M,-2.16%
"Sep 07, 2016",201.71,205.5,206.5,200.71,3.64M,-0.55%
"Sep 06, 2016",202.83,199.02,203.25,199,4.39M,2.55%
"Sep 02, 2016",197.78,202.33,203.2,196.2,5.98M,-1.49%
"Sep 01, 2016",200.77,209.01,211.1,200.5,7.94M,-5.30%
"Aug 31, 2016",212.01,210.43,212.6,208.65,3.28M,0.32%
"Aug 30, 2016",211.34,216.11,216.11,210.52,3.17M,-1.79%
"Aug 29, 2016",215.2,220.15,220.4,215,3.27M,-2.18%
"Aug 26, 2016",219.99,222.14,222.85,218.82,2.24M,-0.44%
"Aug 25, 2016",220.96,223.11,223.8,220.77,1.76M,-0.75%
"Aug 24, 2016",222.62,227.05,227.15,222.22,2.57M,-0.99%
"Aug 23, 2016",224.84,224.32,228.49,222.8,4.78M,0.86%
"Aug 22, 2016",222.93,224.17,225.11,222.68,2.07M,-0.92%
"Aug 19, 2016",225,223.54,225.17,222.53,1.66M,0.67%
"Aug 18, 2016",223.51,223.82,225.66,222.29,1.71M,0.12%
"Aug 17, 2016",223.24,224.33,224.83,222.8,1.79M,-0.17%
"Aug 16, 2016",223.61,225.49,227.19,223.41,2.27M,-0.88%
"Aug 15, 2016",225.59,226.02,229.5,224.93,2.03M,-0.01%
"Aug 12, 2016",225.61,225.41,226.65,224.04,1.81M,0.31%
"Aug 11, 2016",224.91,226.17,227.57,223.41,1.88M,-0.33%
"Aug 10, 2016",225.65,228.24,229.87,224.62,2.34M,-1.50%
"Aug 09, 2016",229.08,226.82,231.54,226.65,2.21M,1.29%
"Aug 08, 2016",226.16,228,229.6,226.09,2.26M,-1.68%
"Aug 05, 2016",230.03,230,232,227.4,3.21M,-0.25%
"Aug 04, 2016",230.61,225.69,230.86,222.05,4.15M,2.13%
"Aug 03, 2016",225.79,227.37,229.7,224.21,3.89M,-0.62%
"Aug 02, 2016",227.2,229.37,229.87,221.4,3.93M,-1.22%
"Aug 01, 2016",230.01,235.5,236.63,229.38,4.02M,-2.04%
"Jul 29, 2016",234.79,230.7,235.28,230.24,3.07M,1.81%
"Jul 28, 2016",230.61,227.95,230.76,226.6,2.42M,0.93%
"Jul 27, 2016",228.49,229.34,233.36,226.92,2.89M,-0.44%
"Jul 26, 2016",229.51,227.69,230,225.3,3.43M,-0.22%
"Jul 25, 2016",230.01,222.27,231.39,221.37,4.49M,3.48%
"Jul 22, 2016",222.27,221.99,224.5,218.88,2.58M,0.80%
"Jul 21, 2016",220.5,226,227.85,219.1,4.43M,-3.44%
"Jul 20, 2016",228.36,226.47,229.8,225,2.57M,1.38%
"Jul 19, 2016",225.26,225,229.1,224.75,3.12M,-0.44%
"Jul 18, 2016",226.25,219.64,227.09,218.3,3.41M,2.65%
"Jul 15, 2016",220.4,222.52,222.75,219.64,2.23M,-0.51%
"Jul 14, 2016",221.53,223.12,224.94,221.05,2.68M,-0.45%
"Jul 13, 2016",222.53,225.5,225.59,220.29,3.57M,-0.94%
"Jul 12, 2016",224.65,224.1,227.5,223.22,4.58M,-0.06%
"Jul 11, 2016",224.78,219.96,226.78,219.51,5.43M,3.69%
"Jul 08, 2016",216.78,217.8,219.81,214.5,4.07M,0.39%
"Jul 07, 2016",215.94,213.1,218.12,213.01,3.61M,0.70%
"Jul 06, 2016",214.44,210,215.23,209,4.92M,0.21%
"Jul 05, 2016",213.98,209.73,214.54,208,5.18M,-1.16%
"Jul 01, 2016",216.5,206.14,218.24,206,5.40M,1.99%
"Jun 30, 2016",212.28,212.97,213.5,209.02,4.84M,0.99%
"Jun 29, 2016",210.19,205.13,211.78,203,5.99M,4.16%
"Jun 28, 2016",201.79,201.89,204.05,199.41,6.21M,1.63%
"Jun 27, 2016",198.55,190.86,198.81,187.87,7.22M,2.80%
"Jun 24, 2016",193.15,190.05,195.12,189.73,7.03M,-1.65%
"Jun 23, 2016",196.4,195.69,197.55,192.13,10.13M,-0.13%
"Jun 22, 2016",196.66,199.47,205.95,195.75,23.74M,-10.45%
"Jun 21, 2016",219.61,220.68,222.57,218.81,4.53M,-0.04%
"Jun 20, 2016",219.7,219.5,223.75,218.23,3.56M,1.96%
"Jun 17, 2016",215.47,217.81,219.99,214.5,3.11M,-1.13%
"Jun 16, 2016",217.93,217.42,218.04,213.5,2.44M,0.11%
"Jun 15, 2016",217.7,216.95,221.9,215.13,2.91M,1.27%
"Jun 14, 2016",214.96,218.88,222.2,212.53,3.58M,-1.34%
"Jun 13, 2016",217.87,219.5,225.77,217.66,4.19M,-0.42%
"Jun 10, 2016",218.79,227.39,227.97,218.42,6.03M,-4.61%
"Jun 09, 2016",229.36,234.98,235.33,227.06,4.49M,-2.62%
"Jun 08, 2016",235.52,233.8,240.84,232.6,5.97M,1.37%
"Jun 07, 2016",232.34,222.24,234.44,221.52,6.21M,5.28%
"Jun 06, 2016",220.68,218,220.9,215.45,2.25M,0.77%
"Jun 03, 2016",218.99,220,221.94,218.01,2.23M,0.01%
"Jun 02, 2016",218.96,219.59,219.91,217.11,2.03M,-0.27%
"Jun 01, 2016",219.56,221.48,222.4,216.89,2.98M,-1.64%
"May 31, 2016",223.23,223.04,224.75,221.5,2.79M,0.09%
"May 27, 2016",223.04,224.99,225.93,220.75,3.65M,-0.92%
"May 26, 2016",225.12,220.5,225.26,219.05,4.07M,2.52%
"May 25, 2016",219.58,217.91,221.36,216.51,3.13M,0.77%
"May 24, 2016",217.91,216.6,218.74,215.18,3.01M,0.78%
"May 23, 2016",216.22,219.87,222.6,215.86,5.10M,-1.84%
"May 20, 2016",220.28,216.99,220.55,216.35,9.01M,2.36%
"May 19, 2016",215.21,213.62,216.79,207.3,6.87M,1.91%
"May 18, 2016",211.17,209.15,215.31,207.75,5.62M,3.18%
"May 17, 2016",204.66,209.05,209.82,204.02,2.84M,-1.74%
"May 16, 2016",208.29,208.15,213.15,207.92,2.95M,0.33%
"May 13, 2016",207.61,207.78,211.2,206.7,2.82M,0.16%
"May 12, 2016",207.28,211.44,211.67,203.66,3.65M,-0.80%
"May 11, 2016",208.96,207.59,215.48,206.05,5.16M,0.13%
"May 10, 2016",208.69,207.55,209.47,205,4.07M,-0.11%
"May 09, 2016",208.92,215.72,216.15,206.8,4.78M,-2.80%
"May 06, 2016",214.93,210.87,216.37,208.11,5.69M,1.61%
"May 05, 2016",211.53,228.46,228.64,209.79,11.25M,-4.96%
"May 04, 2016",222.56,230.29,234.46,220.4,8.70M,-4.20%
"May 03, 2016",232.32,237.36,238.91,231.62,4.30M,-3.92%
"May 02, 2016",241.8,241.5,243.19,234.82,3.84M,0.43%
"Apr 29, 2016",240.76,248.14,248.43,237.81,5.41M,-2.81%
"Apr 28, 2016",247.71,249.85,253.43,247.44,2.52M,-1.50%
"Apr 27, 2016",251.47,252.75,255,249.4,3.21M,-0.89%
"Apr 26, 2016",253.74,252.05,255.73,249.39,3.22M,0.76%
"Apr 25, 2016",251.82,253.01,257.38,250.76,3.67M,-0.76%
"Apr 22, 2016",253.75,248.89,254,245.71,3.79M,2.20%
"Apr 21, 2016",248.29,248.99,250.9,246.91,2.78M,-0.67%
"Apr 20, 2016",249.97,246.26,253.66,241.5,5.19M,1.05%
"Apr 19, 2016",247.37,253.12,254.37,241.25,6.36M,-2.56%
"Apr 18, 2016",253.88,252.23,258.31,251.66,4.27M,-0.25%
"Apr 15, 2016",254.51,251.31,254.6,249.12,3.75M,1.05%
"Apr 14, 2016",251.86,253,256.84,251.05,4.13M,-1.05%
"Apr 13, 2016",254.53,248.51,255.5,247.33,4.93M,2.71%
"Apr 12, 2016",247.82,249.5,251.8,243.63,5.76M,-0.84%
"Apr 11, 2016",249.92,251,258.99,245.3,9.16M,-0.06%
"Apr 08, 2016",250.07,260.5,260.82,248.02,7.36M,-2.77%
"Apr 07, 2016",257.2,266.45,269.34,254.51,8.86M,-3.10%
"Apr 06, 2016",265.42,253.97,267.74,253.45,11.71M,3.89%
"Apr 05, 2016",255.47,240.5,256.56,240,9.95M,3.43%
"Apr 04, 2016",246.99,249.12,252.12,243.64,13.48M,3.96%
"Apr 01, 2016",237.59,244.82,247.9,233.25,16.00M,3.40%
"Mar 31, 2016",229.77,229.34,237.42,225.01,8.01M,1.27%
"Mar 30, 2016",226.89,235.09,235.5,226.5,4.03M,-1.41%
"Mar 29, 2016",230.13,229.89,232.38,225.33,4.01M,-0.06%
"Mar 28, 2016",230.26,231.61,234.81,225,3.93M,1.10%
"Mar 24, 2016",227.75,215.78,228.89,215,4.96M,2.32%
"Mar 23, 2016",222.58,232.37,234.73,222.03,4.95M,-4.98%
"Mar 22, 2016",234.24,237.21,238.99,232.56,4.32M,-1.71%
"Mar 21, 2016",238.32,235.34,239.88,235,5.31M,2.40%
"Mar 18, 2016",232.74,229.1,234.48,228.06,4.71M,2.81%
"Mar 17, 2016",226.38,221.47,228.5,220,3.78M,2.01%
"Mar 16, 2016",221.93,218,222.58,217.02,3.52M,1.64%
"Mar 15, 2016",218.34,214.27,218.97,211.5,3.18M,1.48%
"Mar 14, 2016",215.15,212.65,216.72,210.64,4.07M,3.69%
"Mar 11, 2016",207.5,207.93,209.42,205.33,3.34M,1.13%
"Mar 10, 2016",205.18,210,213.29,200.67,5.19M,-1.70%
"Mar 09, 2016",208.72,204.52,209.37,202.79,3.21M,3.02%
"Mar 08, 2016",202.6,203.5,207.5,202.2,4.18M,-1.31%
"Mar 07, 2016",205.29,197.68,209.7,197.4,5.34M,2.11%
"Mar 04, 2016",201.04,198,204.03,197.5,6.49M,2.71%
"Mar 03, 2016",195.74,188.28,197.42,184.22,4.83M,3.93%
"Mar 02, 2016",188.34,183.73,188.52,181.5,4.86M,1.07%
"Mar 01, 2016",186.35,194.25,195.95,182.7,6.71M,-2.91%
"Feb 29, 2016",191.93,192.4,196.35,189.22,4.50M,0.83%
"Feb 27, 2016",190.35,190.35,190.35,190.35,5.80M,0.01%
"Feb 26, 2016",190.34,188.7,192,185,6.07M,1.55%
"Feb 25, 2016",187.43,178.65,188.52,175.2,5.75M,4.71%
"Feb 24, 2016",179,172.75,179.5,167.84,5.40M,1.01%
"Feb 23, 2016",177.21,176.16,181.73,173.68,5.98M,-0.30%
"Feb 22, 2016",177.74,170.12,178.91,169.85,5.06M,6.70%
"Feb 19, 2016",166.58,163.66,167.49,162.5,2.96M,-0.11%
"Feb 18, 2016",166.77,172.42,172.95,164.77,3.89M,-1.13%
"Feb 17, 2016",168.68,159,169.34,156.68,5.83M,8.71%
"Feb 16, 2016",155.17,158.7,162.95,154.11,5.59M,2.73%
"Feb 12, 2016",151.04,155,157.01,143.7,7.24M,0.38%
"Feb 11, 2016",150.47,152,163.26,147,14.25M,4.73%
"Feb 10, 2016",143.67,150.5,154.97,141.74,10.41M,-3.09%
"Feb 09, 2016",148.25,142.32,159.79,141.05,8.65M,0.18%
"Feb 08, 2016",147.99,157.1,157.15,146,9.31M,-8.99%
"Feb 05, 2016",162.6,171.3,173,157.74,9.44M,-7.26%
"Feb 04, 2016",175.33,170.7,175.98,166.99,4.39M,1.07%
"Feb 03, 2016",173.48,183.59,183.94,170.18,7.93M,-5.09%
"Feb 02, 2016",182.78,192.42,193.12,180.23,5.77M,-7.19%
"Feb 01, 2016",196.94,188.76,199.52,182.75,5.30M,3.00%
"Jan 29, 2016",191.2,189.95,193.74,188.08,2.85M,0.79%
"Jan 28, 2016",189.7,190.79,191.28,182.41,4.59M,0.87%
"Jan 27, 2016",188.07,192.38,193.26,185.77,3.62M,-2.84%
"Jan 26, 2016",193.56,196.7,197.82,188.88,4.96M,-1.44%
"Jan 25, 2016",196.38,200.06,203.57,195.88,2.70M,-3.05%
"Jan 22, 2016",202.55,204.8,205.5,199.03,3.12M,1.29%
"Jan 21, 2016",199.97,201.55,203.23,195.02,3.17M,0.64%
"Jan 20, 2016",198.7,199.4,201.28,191.25,5.84M,-2.94%
"Jan 19, 2016",204.72,208.71,210.47,200.78,4.04M,-0.13%
"Jan 15, 2016",204.99,198.97,205.07,197.25,5.58M,-0.58%
"Jan 14, 2016",206.18,202.21,210,193.38,6.49M,2.93%
"Jan 13, 2016",200.31,212.01,212.65,200,4.13M,-4.60%
"Jan 12, 2016",209.97,211.6,213.74,205.31,3.09M,1.02%
"Jan 11, 2016",207.85,214.01,214.45,203,4.09M,-1.49%
"Jan 08, 2016",211,217.86,220.44,210.77,3.63M,-2.16%
"Jan 07, 2016",215.65,214.19,218.44,213.67,3.55M,-1.55%
"Jan 06, 2016",219.04,220,220.05,215.98,3.78M,-1.96%
"Jan 05, 2016",223.43,226.36,226.89,220,3.19M,0.01%
"Jan 04, 2016",223.41,230.72,231.38,219,6.83M,-6.92%
"Dec 31, 2015",240.01,238.51,243.45,238.37,2.72M,0.81%
"Dec 30, 2015",238.09,236.6,243.63,235.67,3.70M,0.38%
"Dec 29, 2015",237.19,230.06,237.72,229.55,2.41M,3.60%
"Dec 28, 2015",228.95,231.49,231.98,225.54,1.90M,-0.70%
"Dec 24, 2015",230.57,230.56,231.88,228.28,710.28K,0.38%
"Dec 23, 2015",229.7,232.18,233.45,228.13,1.55M,-0.11%
"Dec 22, 2015",229.95,234.99,236.55,229.63,1.96M,-1.12%
"Dec 21, 2015",232.56,231.69,235.83,231.08,1.95M,0.91%
"Dec 18, 2015",230.46,232.89,235.9,229.29,3.01M,-1.26%
"Dec 17, 2015",233.39,233.94,237.76,229.81,3.30M,-0.48%
"Dec 16, 2015",234.51,222.1,234.88,220.73,5.10M,6.07%
"Dec 15, 2015",221.09,221.82,222.22,218,2.24M,1.15%
"Dec 14, 2015",218.58,217.51,220.92,214.87,2.83M,0.72%
"Dec 11, 2015",217.02,225.24,225.75,216.64,3.27M,-4.43%
"Dec 10, 2015",227.07,224.71,228.49,223.64,2.07M,1.14%
"Dec 09, 2015",224.52,226.7,227.5,220.72,3.06M,-0.97%
"Dec 08, 2015",226.72,227.52,228.8,224.2,2.69M,-1.91%
"Dec 07, 2015",231.13,227.7,235.63,226.15,3.14M,0.33%
"Dec 04, 2015",230.38,232.46,233.27,227.66,2.57M,-1.00%
"Dec 03, 2015",232.71,235.48,237.45,230,2.94M,0.31%
"Dec 02, 2015",231.99,237,238.6,231.23,2.98M,-2.19%
"Dec 01, 2015",237.19,231.06,238,231.05,3.73M,3.01%
"Nov 30, 2015",230.26,231.79,234.28,229.08,2.66M,-0.58%
"Nov 27, 2015",231.61,231.06,232.25,227.01,1.95M,0.86%
"Nov 25, 2015",229.64,221.34,230.82,220.38,3.99M,5.22%
"Nov 24, 2015",218.25,215.37,221,215,2.48M,0.23%
"Nov 23, 2015",217.75,217.35,219.18,214.68,2.53M,-1.03%
"Nov 20, 2015",220.01,223.49,225,213.58,4.40M,-0.81%
"Nov 19, 2015",221.8,220.54,226.19,220.3,2.50M,0.33%
"Nov 18, 2015",221.07,214.5,221.38,212.52,2.81M,3.30%
"Nov 17, 2015",214,215.2,216,211.4,2.15M,-0.14%
"Nov 16, 2015",214.31,206.09,214.98,205.8,2.93M,3.44%
"Nov 13, 2015",207.19,212.95,212.99,206.52,3.43M,-2.70%
"Nov 12, 2015",212.94,217.85,219,212.66,2.92M,-2.80%
"Nov 11, 2015",219.08,217.77,219.48,213.63,3.35M,1.19%
"Nov 10, 2015",216.5,223.48,223.7,216.08,4.62M,-3.92%
"Nov 09, 2015",225.33,232.99,232.99,224.31,3.85M,-3.03%
"Nov 06, 2015",232.36,230.7,233.36,229.5,2.45M,0.25%
"Nov 05, 2015",231.77,230.58,234.58,229.19,4.50M,0.06%
"Nov 04, 2015",231.63,227,232.74,225.2,12.73M,11.17%
"Nov 03, 2015",208.35,213.85,214.44,207.75,8.33M,-2.54%
"Nov 02, 2015",213.79,208.92,215.8,207.22,3.93M,3.32%
"Oct 30, 2015",206.93,210.4,211.63,203.89,4.44M,-2.22%
"Oct 29, 2015",211.63,211.75,213.75,210.64,1.81M,-0.62%
"Oct 28, 2015",212.96,211.31,213.45,208.3,2.73M,1.24%
"Oct 27, 2015",210.35,214.84,217.1,207.51,3.52M,-2.28%
"Oct 26, 2015",215.26,211.38,215.88,210,3.39M,2.95%
"Oct 23, 2015",209.09,215,215.35,207.69,4.24M,-1.24%
"Oct 22, 2015",211.72,211.56,215.75,209.4,2.83M,0.78%
"Oct 21, 2015",210.09,211.99,214.81,208.8,4.18M,-1.38%
"Oct 20, 2015",213.03,227.72,228.6,202,14.90M,-6.61%
"Oct 19, 2015",228.1,226.5,231.15,224.94,2.51M,0.48%
"Oct 16, 2015",227.01,223.04,230.48,222.87,4.33M,2.58%
"Oct 15, 2015",221.31,216.43,221.73,213.7,2.84M,2.04%
"Oct 14, 2015",216.88,220.67,220.95,215.43,3.10M,-1.08%
"Oct 13, 2015",219.25,213.28,222.52,211.13,5.17M,1.70%
"Oct 12, 2015",215.58,222.99,223,215.27,3.84M,-2.32%
"Oct 09, 2015",220.69,220.93,224.37,218.36,6.16M,-2.66%
"Oct 08, 2015",226.72,230.08,230.72,221.31,6.13M,-2.26%
"Oct 07, 2015",231.96,236.63,237.7,229.12,6.81M,-3.93%
"Oct 06, 2015",241.46,240,243.03,235.58,5.24M,-1.91%
"Oct 05, 2015",246.15,248.84,249.84,244.13,3.69M,-0.57%
"Oct 02, 2015",247.57,235.6,247.7,234.93,4.42M,3.21%
"Oct 01, 2015",239.88,247.51,248.5,237.13,4.57M,-3.43%
"Sep 30, 2015",248.4,252,252.4,242.34,4.93M,0.71%
"Sep 29, 2015",246.65,250.46,254.73,245.46,3.70M,-0.72%
"Sep 28, 2015",248.43,257.35,259.79,246.61,4.90M,-3.30%
"Sep 25, 2015",256.91,266.61,266.91,256.15,3.77M,-2.36%
"Sep 24, 2015",263.12,259.53,263.45,256.21,3.45M,0.79%
"Sep 23, 2015",261.06,261.95,262.08,257.58,2.60M,0.05%
"Sep 22, 2015",260.94,259.03,262.65,255.87,3.66M,-1.23%
"Sep 21, 2015",264.2,263.98,271.57,255.8,6.12M,1.37%
"Sep 18, 2015",260.62,257.96,263.82,257.5,3.76M,-0.55%
"Sep 17, 2015",262.07,263.96,265.5,260.69,3.59M,-0.07%
"Sep 16, 2015",262.25,253.04,262.88,252.88,4.42M,3.42%
"Sep 15, 2015",253.57,252.75,254.6,249.5,2.93M,0.15%
"Sep 14, 2015",253.19,251.1,254.25,249.67,2.89M,1.18%
"Sep 11, 2015",250.24,247.64,250.24,244.73,2.35M,0.71%
"Sep 10, 2015",248.48,247.23,250.72,245.33,2.71M,-0.17%
"Sep 09, 2015",248.91,252.05,254.25,248.3,3.39M,0.30%
"Sep 08, 2015",248.17,245.05,249.16,244.05,3.14M,2.58%
"Sep 04, 2015",241.93,240.89,244.09,238.2,3.69M,-1.48%
"Sep 03, 2015",245.57,252.06,252.08,245,4.19M,-0.86%
"Sep 02, 2015",247.69,245.3,247.88,239.78,4.63M,3.80%
"Sep 01, 2015",238.63,240.34,246,236.97,5.45M,-4.19%
"Aug 31, 2015",249.06,245.62,254.95,245.51,4.70M,0.23%
"Aug 28, 2015",248.48,241.86,251.45,241.57,5.51M,2.26%
"Aug 27, 2015",242.99,231,244.75,230.81,7.66M,8.07%
"Aug 26, 2015",224.84,227.93,228,215.51,4.96M,2.19%
"Aug 25, 2015",220.03,230.52,230.9,219.12,4.33M,0.53%
"Aug 24, 2015",218.87,202.79,231.4,195,9.58M,-5.16%
"Aug 21, 2015",230.77,236,243.8,230.51,6.59M,-4.71%
"Aug 20, 2015",242.18,252.06,254.56,241.9,4.91M,-5.12%
"Aug 19, 2015",255.25,260.33,260.65,255.02,3.60M,-2.10%
"Aug 18, 2015",260.72,255.38,260.95,253.56,4.20M,2.25%
"Aug 17, 2015",254.99,255.56,256.59,250.51,7.18M,4.87%
"Aug 14, 2015",243.15,247.24,247.93,241.77,4.36M,0.26%
"Aug 13, 2015",242.51,239.86,246.48,239.12,4.69M,1.82%
"Aug 12, 2015",238.17,235,239.77,232.74,3.74M,0.34%
"Aug 11, 2015",237.37,237.15,239.3,234.44,4.26M,-1.56%
"Aug 10, 2015",241.14,238.15,242.97,236.05,4.19M,-0.56%
"Aug 07, 2015",242.51,243.58,243.73,238.39,5.07M,-1.47%
"Aug 06, 2015",246.13,249.54,255,236.12,14.62M,-8.88%
"Aug 05, 2015",270.13,263.58,271,260.4,6.21M,1.45%
"Aug 04, 2015",266.28,260.01,266.72,258.34,2.35M,2.42%
"Aug 03, 2015",259.99,266.29,266.71,257.07,2.55M,-2.31%
"Jul 31, 2015",266.15,267.6,269.36,265.12,2.22M,-0.24%
"Jul 30, 2015",266.79,262.69,266.94,262.11,2.03M,1.13%
"Jul 29, 2015",263.82,264.27,267.89,262,2.79M,-0.38%
"Jul 28, 2015",264.82,255.75,265.4,251.84,3.90M,4.67%
"Jul 27, 2015",253.01,262.43,264.43,250.79,4.69M,-4.67%
"Jul 24, 2015",265.41,267.38,271.09,263.92,2.84M,-0.67%
"Jul 23, 2015",267.2,269.65,269.9,265.27,2.23M,-0.25%
"Jul 22, 2015",267.87,261.27,269.44,260.86,3.10M,0.41%
"Jul 21, 2015",266.77,270.05,273.5,266.55,6.11M,-5.49%
"Jul 20, 2015",282.26,275,286.65,272.54,4.98M,2.77%
"Jul 17, 2015",274.66,272.5,275.54,268.25,5.00M,2.99%
"Jul 16, 2015",266.68,264.22,267.2,263.16,1.62M,1.35%
"Jul 15, 2015",263.14,266.74,267.49,262.08,2.02M,-0.94%
"Jul 14, 2015",265.65,262.1,265.99,260.51,1.91M,1.33%
"Jul 13, 2015",262.16,262.25,262.55,256.05,2.96M,1.16%
"Jul 10, 2015",259.15,262.22,263,257.82,2.61M,0.48%
"Jul 09, 2015",257.92,259.08,262.95,256.79,3.33M,1.16%
"Jul 08, 2015",254.96,259.32,260.8,254.31,6.22M,-4.82%
"Jul 07, 2015",267.88,275,275.2,260.77,6.11M,-4.23%
"Jul 06, 2015",279.72,278.88,281.69,276.3,4.12M,-0.11%
"Jul 02, 2015",280.02,280.19,282.45,273.31,7.16M,4.04%
"Jul 01, 2015",269.15,271.11,272.62,267.85,2.10M,0.33%
"Jun 30, 2015",268.26,264.8,270.92,264,3.09M,2.38%
"Jun 29, 2015",262.02,261.95,265.95,260.7,3.48M,-1.90%
"Jun 26, 2015",267.09,268.89,269.11,266,3.84M,-0.63%
"Jun 25, 2015",268.79,266.45,271.41,265.25,2.85M,1.37%
"Jun 24, 2015",265.17,266.98,267.35,263.72,2.41M,-0.93%
"Jun 23, 2015",267.67,260.32,268,258.57,3.87M,3.03%
"Jun 22, 2015",259.79,262.15,264.4,255.69,4.56M,-1.04%
"Jun 19, 2015",262.51,262.4,263.8,260.1,2.46M,0.24%
"Jun 18, 2015",261.89,262,263.46,260.02,2.78M,0.57%
"Jun 17, 2015",260.41,252.17,264.36,252.02,5.51M,2.88%
"Jun 16, 2015",253.12,250.13,253.44,249.09,1.98M,1.09%
"Jun 15, 2015",250.38,249.7,251.28,246.01,2.19M,-0.12%
"Jun 12, 2015",250.69,250.21,253.46,250.21,1.42M,-0.29%
"Jun 11, 2015",251.41,253.26,254.37,250.43,2.04M,0.28%
"Jun 10, 2015",250.7,251.9,254,248.5,3.45M,-2.07%
"Jun 09, 2015",256,255.4,257.74,254.14,2.61M,-0.11%
"Jun 08, 2015",256.29,250.85,258.75,250.31,5.02M,2.87%
"Jun 05, 2015",249.14,246,249.7,245.68,3.02M,1.31%
"Jun 04, 2015",245.92,247.5,249.3,245.71,2.45M,-1.23%
"Jun 03, 2015",248.99,248.2,250.72,247.01,1.78M,0.26%
"Jun 02, 2015",248.35,248.92,249.4,246.3,2.13M,-0.44%
"Jun 01, 2015",249.45,251.41,251.6,247.47,2.51M,-0.54%
"May 29, 2015",250.8,251,252.87,249.43,3.79M,-0.26%
"May 28, 2015",251.45,247.03,251.8,245.05,3.65M,1.62%
"May 27, 2015",247.43,248.51,249.5,245.55,3.41M,-0.01%
"May 26, 2015",247.46,247.68,252,246.5,3.50M,-0.11%
"May 22, 2015",247.73,245.38,248.6,245.01,2.22M,0.86%
"May 21, 2015",245.62,243.03,246.62,242.36,1.97M,0.52%
"May 20, 2015",244.35,247.13,247.74,241.37,3.76M,-1.13%
"May 19, 2015",247.14,248.43,251,246.15,3.67M,-0.65%
"May 18, 2015",248.75,247,249.9,246,3.35M,-0.04%
"May 15, 2015",248.84,243.93,249.4,242.5,4.53M,1.94%
"May 14, 2015",244.1,244.82,244.89,241.25,2.90M,0.38%
"May 13, 2015",243.18,247.61,248.3,242.25,5.44M,-0.64%
"May 12, 2015",244.74,240.11,246.35,238.19,6.36M,2.19%
"May 11, 2015",239.49,236.29,242.88,235.31,5.67M,1.22%
"May 08, 2015",236.61,235.99,238.41,233.7,4.67M,-0.08%
"May 07, 2015",236.8,221,237.48,220.25,9.46M,2.76%
"May 06, 2015",230.43,234.1,234.47,228.2,5.27M,-1.08%
"May 05, 2015",232.95,237.76,239.5,229.13,5.80M,1.06%
"May 04, 2015",230.51,228.18,234.73,227.11,4.43M,1.98%
"May 01, 2015",226.03,229.94,231.77,220.41,5.28M,-0.01%
"Apr 30, 2015",226.05,230.39,232.89,225.17,3.91M,-2.75%
"Apr 29, 2015",232.45,230.05,234.97,227.63,3.94M,0.85%
"Apr 28, 2015",230.48,234.75,235.5,228.03,6.09M,-0.46%
"Apr 27, 2015",231.55,222.56,238.75,222,11.67M,6.01%
"Apr 24, 2015",218.43,220.5,220.8,218.01,2.43M,-0.08%
"Apr 23, 2015",218.6,218.27,221.48,217.15,4.41M,-0.38%
"Apr 22, 2015",219.44,212.5,221.88,211.69,7.86M,4.79%
"Apr 21, 2015",209.41,205.8,210.75,204.31,3.43M,2.02%
"Apr 20, 2015",205.27,206.78,207.85,203.85,2.56M,-0.74%
"Apr 17, 2015",206.79,204.99,206.88,203.5,2.47M,0.04%
"Apr 16, 2015",206.7,207.7,209.17,206.29,1.66M,-0.54%
"Apr 15, 2015",207.83,207.46,209.59,206.6,1.95M,0.18%
"Apr 14, 2015",207.46,208.57,209.49,205.5,3.03M,-1.11%
"Apr 13, 2015",209.78,210.44,213,209.05,3.76M,-0.53%
"Apr 10, 2015",210.9,209.85,211.65,209,4.07M,0.39%
"Apr 09, 2015",210.09,208.43,210.37,206.12,3.80M,1.17%
"Apr 08, 2015",207.67,208.2,210.9,205.87,6.30M,2.17%
"Apr 07, 2015",203.25,202.51,205.06,201.14,4.35M,0.07%
"Apr 06, 2015",203.1,198,207.75,197.5,12.46M,6.34%
"Apr 02, 2015",191,190.23,193.23,190,5.01M,1.82%
"Apr 01, 2015",187.59,188.7,192.3,186.05,3.79M,-0.63%
"Mar 31, 2015",188.77,193.53,193.76,188.41,5.03M,-0.94%
"Mar 30, 2015",190.57,185.85,192.25,181.8,10.09M,3.01%
"Mar 27, 2015",185,189.07,189.29,181.4,8.60M,-2.84%
"Mar 26, 2015",190.41,193.92,194.79,189.7,4.13M,-2.00%
"Mar 25, 2015",194.3,198.27,198.59,192.7,5.73M,-3.68%
"Mar 24, 2015",201.72,201.58,203.79,199.75,3.65M,1.05%
"Mar 23, 2015",199.63,198.5,200.5,197.47,2.63M,0.78%
"Mar 20, 2015",198.08,197.45,198.99,195.62,4.27M,1.24%
"Mar 19, 2015",195.65,202,204.59,194.53,8.48M,-2.52%
"Mar 18, 2015",200.71,194.96,200.88,193.11,4.82M,3.07%
"Mar 17, 2015",194.73,195.43,198.71,193.94,4.89M,-0.50%
"Mar 16, 2015",195.7,192,195.91,189.8,5.63M,3.72%
"Mar 13, 2015",188.68,188.95,191.75,187.32,5.43M,-1.25%
"Mar 12, 2015",191.07,193.75,194.45,189.75,4.15M,-1.38%
"Mar 11, 2015",193.74,191.15,196.18,191.01,4.97M,1.80%
"Mar 10, 2015",190.32,188.46,193.5,187.6,5.58M,-0.29%
"Mar 09, 2015",190.88,194.39,194.49,188.25,6.74M,-1.55%
"Mar 06, 2015",193.88,199.21,200.75,192.15,6.71M,-3.36%
"Mar 05, 2015",200.63,202.85,206.19,200.15,4.88M,-0.89%
"Mar 04, 2015",202.44,199.25,202.52,197.21,4.22M,1.44%
"Mar 03, 2015",199.56,196.81,200.24,195.32,4.43M,1.14%
"Mar 02, 2015",197.32,202.7,203.34,195.82,7.92M,-2.96%
"Feb 27, 2015",203.34,206.9,208.55,202.8,3.88M,-1.86%
"Feb 26, 2015",207.19,204,211.09,202.22,6.47M,1.68%
"Feb 25, 2015",203.76,204.94,207.14,202.58,3.91M,-0.17%
"Feb 24, 2015",204.11,207.29,207.29,201.7,6.60M,-1.56%
"Feb 23, 2015",207.34,215.66,218.2,206.33,8.50M,-4.50%
"Feb 20, 2015",217.11,210.78,217.6,209.81,5.98M,2.55%
"Feb 19, 2015",211.71,205,212.44,203.75,5.15M,3.55%
"Feb 18, 2015",204.46,204.17,206.17,202.6,2.71M,0.05%
"Feb 17, 2015",204.35,205.7,205.7,201.5,3.98M,0.28%
"Feb 13, 2015",203.77,202.9,205.99,200.91,6.19M,0.44%
"Feb 12, 2015",202.88,193.57,203.09,193.28,15.65M,-4.66%
"Feb 11, 2015",212.8,212.21,214.74,207.28,9.77M,-1.61%
"Feb 10, 2015",216.29,217.55,220.5,215,5.39M,-0.55%
"Feb 09, 2015",217.48,215.38,217.93,211.99,3.47M,0.06%
"Feb 06, 2015",217.36,222,223.4,216.5,3.24M,-1.64%
"Feb 05, 2015",220.99,219.88,225.48,219.64,3.52M,1.12%
"Feb 04, 2015",218.55,218.29,221.48,216.8,3.31M,0.09%
"Feb 03, 2015",218.36,213.22,220.37,211.27,4.83M,3.52%
"Feb 02, 2015",210.94,203.97,211.95,203.3,4.15M,3.61%
"Jan 30, 2015",203.6,203.96,207.47,203,3.01M,-0.78%
"Jan 29, 2015",205.2,201.07,205.98,196.5,3.55M,2.92%
"Jan 28, 2015",199.37,206.11,206.37,198.42,3.15M,-3.21%
"Jan 27, 2015",205.98,204.42,208.03,203.3,2.78M,-0.28%
"Jan 26, 2015",206.55,201.83,208.62,201.05,3.23M,2.61%
"Jan 23, 2015",201.29,200.29,203.5,198.33,3.44M,-0.16%
"Jan 22, 2015",201.62,197,203.24,195.2,4.12M,2.57%
"Jan 21, 2015",196.57,189.55,198.68,189.51,4.15M,2.42%
"Jan 20, 2015",191.93,193.87,194.12,187.04,4.50M,-0.59%
"Jan 16, 2015",193.07,190.7,194.49,189.65,3.60M,0.63%
"Jan 15, 2015",191.87,194.49,195.75,190,5.22M,-0.43%
"Jan 14, 2015",192.69,185.83,195.2,185,11.55M,-5.66%
"Jan 13, 2015",204.25,203.32,207.61,200.91,4.48M,1.01%
"Jan 12, 2015",202.21,203.05,204.47,199.25,5.95M,-2.15%
"Jan 09, 2015",206.66,208.92,209.98,204.96,4.67M,-1.88%
"Jan 08, 2015",210.62,212.81,213.8,210.01,3.44M,-0.16%
"Jan 07, 2015",210.95,213.35,214.78,209.78,2.97M,-0.16%
"Jan 06, 2015",211.28,210.06,214.2,204.21,6.26M,0.57%
"Jan 05, 2015",210.09,214.55,216.5,207.16,5.37M,-4.20%
"Jan 02, 2015",219.31,222.87,223.25,213.26,4.76M,-1.39%
