Data,Último,Abertura,Máxima,Mínima,Vol.,Var%
31.01.2020,"50,27","50,96","51,06","49,80","29,99M","-2,39%"
30.01.2020,"51,50","49,97","51,50","49,80","23,08M","1,48%"
29.01.2020,"50,75","51,70","51,89","50,46","23,32M","-0,88%"
28.01.2020,"51,20","51,20","52,09","51,08","23,05M","1,37%"
27.01.2020,"50,51","51,66","51,82","50,48","38,78M","-6,12%"
24.01.2020,"53,80","55,62","55,73","53,69","19,74M","-3,06%"
23.01.2020,"55,50","55,43","55,73","54,71","23,03M","-1,42%"
22.01.2020,"56,30","56,60","56,85","56,06","17,27M","0,48%"
21.01.2020,"56,03","56,80","57,01","55,74","25,44M","-2,32%"
20.01.2020,"57,36","57,00","57,36","56,53","16,75M","0,63%"
17.01.2020,"57,00","56,25","57,09","56,10","36,52M","3,32%"
16.01.2020,"55,17","55,60","55,95","55,10","13,15M","-0,52%"
15.01.2020,"55,46","55,30","56,08","55,11","21,43M","-0,32%"
14.01.2020,"55,64","55,30","56,35","55,00","27,82M","0,61%"
13.01.2020,"55,30","53,64","55,64","53,51","27,50M","3,64%"
10.01.2020,"53,36","53,75","53,87","53,11","9,13M","0,11%"
09.01.2020,"53,30","53,75","53,87","53,05","14,64M","-1,31%"
08.01.2020,"54,01","54,20","54,37","53,62","15,30M","0,02%"
07.01.2020,"54,00","53,50","54,19","53,40","16,33M","0,73%"
06.01.2020,"53,61","53,80","53,80","53,15","32,79M","-0,59%"
03.01.2020,"53,93","53,68","54,50","53,58","17,28M","-0,74%"
02.01.2020,"54,33","53,98","54,44","53,75","17,51M","1,93%"
30.12.2019,"53,30","53,65","53,86","53,20","11,93M","-0,56%"
27.12.2019,"53,60","53,99","54,00","53,42","13,92M","0,41%"
26.12.2019,"53,38","53,40","53,58","53,10","20,41M","0,39%"
23.12.2019,"53,17","53,48","53,56","53,00","10,23M","-0,39%"
20.12.2019,"53,38","53,36","53,57","52,75","42,12M","1,46%"
19.12.2019,"52,61","52,12","52,84","51,85","17,68M","1,00%"
18.12.2019,"52,09","51,90","52,16","51,24","22,92M","0,23%"
17.12.2019,"51,97","51,88","52,32","51,68","13,57M","0,02%"
16.12.2019,"51,96","53,09","53,26","51,96","21,81M","-0,78%"
13.12.2019,"52,37","51,92","52,61","51,48","28,17M","-1,10%"
12.12.2019,"52,95","52,10","53,06","51,73","25,14M","2,16%"
11.12.2019,"51,83","51,38","52,05","51,22","15,57M","1,23%"
10.12.2019,"51,20","51,22","51,43","50,90","13,88M","-0,47%"
09.12.2019,"51,44","52,25","52,49","51,33","19,39M","0,18%"
06.12.2019,"51,35","51,25","51,69","51,03","13,89M","0,79%"
05.12.2019,"50,95","50,70","51,08","50,55","9,50M","0,06%"
04.12.2019,"50,92","50,83","51,03","50,53","9,11M","0,99%"
03.12.2019,"50,42","51,25","51,26","50,25","13,48M","-1,79%"
02.12.2019,"51,34","50,15","51,69","50,11","23,95M","2,72%"
29.11.2019,"49,98","50,37","50,47","49,82","10,29M","-0,77%"
28.11.2019,"50,37","50,56","50,88","49,69","10,15M","-0,42%"
27.11.2019,"50,58","50,93","51,20","50,13","13,51M","-1,25%"
26.11.2019,"51,22","50,60","51,50","50,46","32,45M","0,71%"
25.11.2019,"50,86","50,54","51,18","50,43","24,51M","1,66%"
22.11.2019,"50,03","48,55","50,03","48,55","27,68M","3,33%"
21.11.2019,"48,42","47,76","48,42","47,70","15,62M","0,52%"
19.11.2019,"48,17","48,11","48,49","47,72","13,11M","1,18%"
18.11.2019,"47,61","47,72","48,05","47,48","16,78M","1,30%"
14.11.2019,"47,00","47,35","47,58","46,96","14,16M","-0,25%"
13.11.2019,"47,12","47,65","48,06","46,97","16,88M","-1,63%"
12.11.2019,"47,90","48,30","48,49","47,90","13,13M","-0,48%"
11.11.2019,"48,13","48,44","48,44","47,96","20,39M","-2,14%"
08.11.2019,"49,18","49,33","49,55","48,81","19,85M","-1,86%"
07.11.2019,"50,11","49,84","50,53","49,54","26,79M","0,85%"
06.11.2019,"49,69","49,90","49,97","48,90","14,88M","-0,36%"
05.11.2019,"49,87","50,07","50,28","49,43","15,95M","0,10%"
04.11.2019,"49,82","49,08","49,82","49,08","20,98M","2,85%"
01.11.2019,"48,44","47,80","48,70","47,76","20,11M","2,63%"
31.10.2019,"47,20","48,10","48,48","46,86","21,66M","-2,86%"
30.10.2019,"48,59","48,40","48,62","47,69","15,26M","-0,12%"
29.10.2019,"48,65","48,41","48,80","48,08","9,95M","-0,10%"
28.10.2019,"48,70","48,65","48,80","48,34","10,89M","0,29%"
25.10.2019,"48,56","47,75","48,56","47,55","21,68M","3,87%"
24.10.2019,"46,75","47,46","47,57","46,52","14,46M","-0,76%"
23.10.2019,"47,11","47,60","47,83","47,03","12,30M","-0,40%"
22.10.2019,"47,30","47,28","47,54","47,10","15,11M","0,19%"
21.10.2019,"47,21","46,42","47,21","46,26","13,25M","2,56%"
18.10.2019,"46,03","46,89","47,18","46,02","16,37M","-1,46%"
17.10.2019,"46,71","46,99","47,05","46,61","14,11M","-0,19%"
16.10.2019,"46,80","47,39","47,52","46,64","24,34M","-2,32%"
15.10.2019,"47,91","47,88","48,29","47,53","14,60M","-0,17%"
14.10.2019,"47,99","48,20","48,25","47,56","11,48M","-1,34%"
11.10.2019,"48,64","48,03","48,92","48,00","24,35M","2,96%"
10.10.2019,"47,24","46,06","47,45","46,06","15,23M","3,44%"
09.10.2019,"45,67","45,67","46,04","45,33","9,46M","0,77%"
08.10.2019,"45,32","46,30","46,37","45,32","14,54M","-1,56%"
07.10.2019,"46,04","46,30","46,98","46,04","12,45M","-1,18%"
04.10.2019,"46,59","45,70","46,79","45,68","21,19M","2,53%"
03.10.2019,"45,44","45,32","45,81","44,22","24,52M","0,75%"
02.10.2019,"45,10","46,90","46,90","45,10","24,32M","-5,47%"
01.10.2019,"47,71","47,85","48,88","47,66","16,04M","-0,08%"
30.09.2019,"47,75","47,65","48,04","47,21","12,07M","0,19%"
27.09.2019,"47,66","48,15","48,35","47,27","13,26M","-0,42%"
26.09.2019,"47,86","48,10","48,28","47,53","12,19M","0,00%"
25.09.2019,"47,86","47,03","48,02","46,83","14,52M","1,98%"
24.09.2019,"46,93","47,71","47,88","46,78","15,22M","-2,43%"
23.09.2019,"48,10","48,19","48,58","47,96","11,93M","-0,66%"
20.09.2019,"48,42","48,66","48,74","48,00","23,85M","0,21%"
19.09.2019,"48,32","48,40","48,58","47,76","15,64M","-0,17%"
18.09.2019,"48,40","49,00","49,00","47,98","15,20M","-1,02%"
17.09.2019,"48,90","48,25","49,15","48,23","14,43M","0,64%"
16.09.2019,"48,59","49,40","49,44","48,35","26,33M","-2,41%"
13.09.2019,"49,79","49,96","50,30","49,66","21,99M","0,20%"
12.09.2019,"49,69","48,62","49,77","48,60","39,26M","3,63%"
11.09.2019,"47,95","48,60","48,60","47,58","16,81M","-0,60%"
10.09.2019,"48,24","47,88","48,50","47,20","21,42M","0,73%"
09.09.2019,"47,89","46,70","47,89","46,29","24,28M","3,10%"
06.09.2019,"46,45","46,45","46,69","46,09","10,26M","-0,15%"
05.09.2019,"46,52","46,95","47,19","46,52","20,17M","0,00%"
04.09.2019,"46,52","46,05","46,52","45,97","12,41M","2,20%"
03.09.2019,"45,52","46,00","46,05","45,34","13,17M","-1,06%"
02.09.2019,"46,01","46,55","46,67","45,85","12,71M","0,97%"
30.08.2019,"45,57","45,99","46,33","45,27","27,16M","1,04%"
29.08.2019,"45,10","44,11","45,25","43,96","23,35M","3,73%"
28.08.2019,"43,48","43,31","44,17","43,04","13,38M","0,37%"
27.08.2019,"43,32","43,15","43,91","42,44","27,76M","1,21%"
26.08.2019,"42,80","43,49","43,65","42,54","13,01M","-1,11%"
23.08.2019,"43,28","43,83","44,59","42,90","26,02M","-1,39%"
22.08.2019,"43,89","44,38","44,38","43,55","12,21M","-0,59%"
21.08.2019,"44,15","43,60","44,33","43,07","16,14M","0,71%"
20.08.2019,"43,84","43,51","44,49","42,90","16,79M","0,44%"
19.08.2019,"43,65","44,29","44,43","43,21","27,45M","-0,09%"
16.08.2019,"43,69","44,45","44,70","43,48","19,46M","-0,46%"
15.08.2019,"43,89","45,01","45,50","43,17","24,42M","-2,21%"
14.08.2019,"44,88","45,98","45,98","44,73","24,66M","-3,48%"
13.08.2019,"46,50","45,55","46,80","45,35","19,91M","2,97%"
12.08.2019,"45,16","45,15","45,99","45,03","16,31M","-0,73%"
09.08.2019,"45,49","46,70","46,81","45,49","24,39M","-3,58%"
08.08.2019,"47,18","47,30","47,49","46,92","24,12M","1,51%"
07.08.2019,"46,48","45,85","46,48","45,45","20,68M","-0,30%"
06.08.2019,"46,62","46,46","46,97","46,29","21,83M","1,35%"
05.08.2019,"46,00","46,60","46,60","45,76","36,29M","-3,85%"
02.08.2019,"47,84","48,20","48,29","47,41","19,66M","-1,16%"
01.08.2019,"48,40","49,24","49,34","48,25","45,50M","-2,83%"
31.07.2019,"49,81","50,38","50,55","49,22","23,17M","-0,40%"
30.07.2019,"50,01","50,17","50,58","50,01","10,08M","-0,50%"
29.07.2019,"50,26","50,30","50,60","49,80","8,38M","0,06%"
26.07.2019,"50,23","51,00","51,05","50,18","12,54M","-0,51%"
25.07.2019,"50,49","51,00","51,12","50,10","12,71M","-0,32%"
24.07.2019,"50,65","51,09","51,26","50,55","25,06M","-2,14%"
23.07.2019,"51,76","52,40","52,60","51,76","11,05M","-1,32%"
22.07.2019,"52,45","52,18","52,66","51,81","11,29M","-0,51%"
19.07.2019,"52,72","52,81","53,23","52,55","11,48M","0,25%"
18.07.2019,"52,59","52,61","52,82","52,23","12,19M","-0,19%"
17.07.2019,"52,69","52,99","53,12","52,46","13,69M","-0,68%"
16.07.2019,"53,05","53,20","53,47","52,79","17,35M","0,68%"
15.07.2019,"52,69","52,46","52,93","52,25","20,02M","1,70%"
12.07.2019,"51,81","52,46","52,78","51,73","22,20M","-0,46%"
11.07.2019,"52,05","51,87","52,50","51,72","18,49M","-0,15%"
10.07.2019,"52,13","51,61","52,56","51,40","28,05M","2,32%"
08.07.2019,"50,95","50,65","51,60","50,46","12,67M","1,17%"
05.07.2019,"50,36","50,40","50,58","49,76","27,73M","-2,54%"
04.07.2019,"51,67","51,68","52,10","51,15","16,14M","0,74%"
03.07.2019,"51,29","51,77","51,97","51,15","19,93M","-0,19%"
02.07.2019,"51,39","54,10","54,16","50,02","48,28M","-4,21%"
01.07.2019,"53,65","53,10","53,79","53,10","22,76M","3,53%"
28.06.2019,"51,82","52,07","52,20","51,69","10,87M","0,23%"
27.06.2019,"51,70","52,15","52,15","51,52","14,90M","0,23%"
26.06.2019,"51,58","51,50","52,04","51,37","13,24M","0,39%"
25.06.2019,"51,38","52,19","52,47","51,34","12,35M","-1,95%"
24.06.2019,"52,40","52,48","52,48","52,10","9,25M","-0,08%"
21.06.2019,"52,44","52,75","52,93","52,10","20,44M","0,27%"
19.06.2019,"52,30","53,00","53,10","51,83","23,61M","0,58%"
18.06.2019,"52,00","51,00","52,42","51,00","27,12M","3,59%"
17.06.2019,"50,20","51,00","51,33","50,20","20,48M","-2,33%"
14.06.2019,"51,40","51,70","51,82","51,15","20,29M","-0,87%"
13.06.2019,"51,85","51,90","52,25","51,59","18,03M","0,70%"
12.06.2019,"51,49","51,55","52,09","50,93","24,45M","0,12%"
11.06.2019,"51,43","49,76","51,48","49,66","44,48M","6,39%"
10.06.2019,"48,34","48,95","49,23","48,33","11,57M","-0,66%"
07.06.2019,"48,66","49,05","49,10","48,36","11,55M","-0,29%"
06.06.2019,"48,80","48,89","48,94","48,31","10,84M","0,85%"
05.06.2019,"48,39","49,28","49,43","47,86","14,27M","-1,47%"
04.06.2019,"49,11","49,18","49,35","48,30","19,50M","0,57%"
03.06.2019,"48,83","49,35","49,60","48,44","22,42M","-0,35%"
31.05.2019,"49,00","49,51","51,00","48,71","28,81M","-2,02%"
30.05.2019,"50,01","49,71","50,13","49,44","12,85M","0,62%"
29.05.2019,"49,70","49,52","49,85","49,15","17,80M","-1,09%"
28.05.2019,"50,25","49,95","50,95","49,85","36,95M","0,12%"
27.05.2019,"50,19","49,00","50,25","48,90","17,23M","3,89%"
24.05.2019,"48,31","48,64","49,43","48,31","24,88M","1,02%"
23.05.2019,"47,82","47,07","47,90","46,42","15,70M","0,76%"
22.05.2019,"47,46","47,78","48,69","47,37","21,02M","0,11%"
21.05.2019,"47,41","47,10","47,96","46,09","32,33M","1,41%"
20.05.2019,"46,75","47,62","47,74","46,63","23,82M","-2,03%"
17.05.2019,"47,72","46,40","47,72","46,30","34,01M","2,84%"
16.05.2019,"46,40","48,55","48,93","45,82","48,99M","-3,23%"
15.05.2019,"47,95","47,15","48,45","47,02","18,38M","0,76%"
14.05.2019,"47,59","48,18","48,35","47,35","14,14M","0,34%"
13.05.2019,"47,43","48,53","48,75","47,43","18,50M","-4,10%"
10.05.2019,"49,46","48,30","49,80","48,06","25,20M","1,90%"
09.05.2019,"48,54","49,00","49,01","48,05","12,41M","-0,94%"
08.05.2019,"49,00","49,82","50,14","48,94","18,40M","-1,41%"
07.05.2019,"49,70","49,35","49,70","48,72","15,14M","0,08%"
06.05.2019,"49,66","49,60","49,75","49,09","10,41M","-1,47%"
03.05.2019,"50,40","49,45","50,63","49,39","10,55M","2,98%"
02.05.2019,"48,94","49,28","49,28","48,72","15,81M","-2,32%"
30.04.2019,"50,10","50,22","50,69","49,76","11,34M","-0,30%"
29.04.2019,"50,25","50,94","51,06","50,12","8,68M","-0,34%"
26.04.2019,"50,42","50,48","50,65","49,52","10,59M","0,18%"
25.04.2019,"50,33","50,23","50,43","49,38","15,87M","-0,06%"
24.04.2019,"50,36","51,55","51,74","50,16","19,93M","-3,00%"
23.04.2019,"51,92","51,59","51,92","51,28","9,86M","1,21%"
22.04.2019,"51,30","51,95","52,00","50,80","16,26M","-2,43%"
18.04.2019,"52,58","52,20","52,97","52,01","10,67M","0,63%"
17.04.2019,"52,25","53,16","53,80","51,70","26,44M","-1,60%"
16.04.2019,"53,10","51,27","53,16","50,84","18,75M","3,45%"
15.04.2019,"51,33","51,59","51,72","50,78","15,68M","-0,29%"
12.04.2019,"51,48","52,09","52,72","51,31","16,83M","-0,60%"
11.04.2019,"51,79","51,50","51,86","50,93","10,24M","0,06%"
10.04.2019,"51,76","52,74","52,74","51,52","15,58M","-1,13%"
09.04.2019,"52,35","53,18","53,30","52,30","14,23M","-1,95%"
08.04.2019,"53,39","52,50","53,39","52,36","14,32M","2,71%"
05.04.2019,"51,98","52,20","52,36","51,70","8,32M","-0,35%"
04.04.2019,"52,16","52,00","52,46","51,62","14,11M","0,73%"
03.04.2019,"51,78","52,78","52,83","51,61","21,41M","0,29%"
02.04.2019,"51,63","53,05","53,30","51,63","21,40M","-1,84%"
01.04.2019,"52,60","52,35","53,05","52,10","25,32M","3,28%"
29.03.2019,"50,93","49,95","51,60","49,95","25,03M","3,31%"
28.03.2019,"49,30","50,51","50,60","48,62","28,40M","-0,60%"
27.03.2019,"49,60","50,05","50,74","49,31","20,41M","-1,35%"
26.03.2019,"50,28","49,81","50,70","49,80","13,36M","1,47%"
25.03.2019,"49,55","49,60","50,31","49,16","15,86M","-1,00%"
22.03.2019,"50,05","50,47","51,33","49,70","25,56M","-1,65%"
21.03.2019,"50,89","50,53","51,47","50,51","19,60M","0,65%"
20.03.2019,"50,56","51,45","51,68","50,40","25,48M","-2,58%"
19.03.2019,"51,90","50,70","52,39","50,59","31,95M","2,85%"
18.03.2019,"50,46","50,25","50,67","49,83","22,97M","-0,18%"
15.03.2019,"50,55","50,80","51,24","50,40","25,95M","-0,32%"
14.03.2019,"50,71","50,80","50,93","50,20","17,22M","0,02%"
13.03.2019,"50,70","49,94","51,00","49,70","21,95M","1,46%"
12.03.2019,"49,97","49,80","50,33","49,55","15,55M","0,18%"
11.03.2019,"49,88","48,90","49,95","48,61","20,08M","2,11%"
08.03.2019,"48,85","48,26","48,89","47,65","25,45M","-0,02%"
07.03.2019,"48,86","47,83","48,96","47,72","21,11M","1,69%"
06.03.2019,"48,05","47,43","48,05","47,19","15,24M","2,80%"
01.03.2019,"46,74","47,29","47,50","44,55","29,87M","-0,76%"
28.02.2019,"47,10","46,42","47,10","46,10","17,88M","0,58%"
27.02.2019,"46,83","47,25","47,25","46,34","15,00M","-0,78%"
26.02.2019,"47,20","46,79","47,29","46,60","10,36M","0,17%"
25.02.2019,"47,12","47,35","47,75","46,40","16,80M","0,28%"
22.02.2019,"46,99","45,70","47,06","45,57","17,58M","3,55%"
21.02.2019,"45,38","45,84","46,09","45,13","21,40M","-0,92%"
20.02.2019,"45,80","45,90","46,08","44,94","25,49M","0,68%"
19.02.2019,"45,49","45,50","45,94","45,23","20,52M","0,53%"
18.02.2019,"45,25","45,79","46,15","44,90","18,78M","-1,37%"
15.02.2019,"45,88","45,40","46,02","45,19","27,88M","0,48%"
14.02.2019,"45,66","45,39","45,94","45,05","24,06M","0,37%"
13.02.2019,"45,49","44,31","45,99","44,30","38,15M","2,69%"
12.02.2019,"44,30","42,50","44,33","42,05","36,42M","5,43%"
11.02.2019,"42,02","43,86","44,05","41,89","30,70M","-2,64%"
08.02.2019,"43,16","40,64","43,59","40,51","48,17M","3,77%"
07.02.2019,"41,59","42,15","42,79","41,21","31,40M","-2,05%"
06.02.2019,"42,46","44,00","44,40","42,46","29,26M","-4,88%"
05.02.2019,"44,64","44,45","45,21","43,81","21,99M","-0,09%"
04.02.2019,"44,68","46,00","46,10","44,05","35,89M","-3,39%"
01.02.2019,"46,25","45,72","46,33","45,58","21,29M","1,65%"
31.01.2019,"45,50","46,99","47,44","45,50","39,81M","-2,36%"
30.01.2019,"46,60","46,25","46,80","44,98","67,89M","9,03%"
29.01.2019,"42,74","43,27","44,69","42,60","68,34M","0,85%"
28.01.2019,"42,38","45,00","48,00","42,36","183,53M","-24,52%"
24.01.2019,"56,15","55,80","56,20","55,50","14,12M","0,90%"
23.01.2019,"55,65","55,46","55,90","55,33","13,47M","1,03%"
22.01.2019,"55,08","54,48","55,08","54,35","17,15M","-0,36%"
21.01.2019,"55,28","54,85","55,35","54,39","10,68M","0,95%"
18.01.2019,"54,76","54,95","55,60","54,25","25,82M","0,98%"
17.01.2019,"54,23","52,44","54,71","52,27","25,53M","3,00%"
16.01.2019,"52,65","52,40","52,82","52,20","15,38M","0,57%"
15.01.2019,"52,35","52,85","53,20","51,87","14,48M","-0,48%"
14.01.2019,"52,60","51,98","52,70","51,43","14,63M","0,42%"
11.01.2019,"52,38","53,26","53,46","52,38","12,36M","-1,36%"
10.01.2019,"53,10","53,23","53,29","52,27","18,11M","-1,10%"
09.01.2019,"53,69","53,16","54,06","52,83","27,70M","2,44%"
08.01.2019,"52,41","52,20","52,80","51,62","19,93M","0,96%"
07.01.2019,"51,91","52,87","53,65","51,72","21,00M","-0,54%"
04.01.2019,"52,19","49,82","52,45","49,82","43,36M","6,51%"
03.01.2019,"49,00","48,48","50,94","48,40","30,12M","-4,09%"
02.01.2019,"51,09","50,01","51,37","49,79","17,32M","0,18%"
28.12.2018,"51,00","50,31","51,20","50,25","11,91M","3,03%"
27.12.2018,"49,50","50,10","50,39","49,28","14,33M","-1,86%"
26.12.2018,"50,44","50,11","50,70","49,40","13,36M","-0,83%"
21.12.2018,"50,86","50,28","51,25","50,22","28,27M","2,11%"
20.12.2018,"49,81","50,74","51,17","49,45","25,32M","-0,40%"
19.12.2018,"50,01","51,80","52,40","50,01","24,41M","-2,78%"
18.12.2018,"51,44","51,35","52,19","51,35","18,99M","0,37%"
17.12.2018,"51,25","51,90","52,27","51,03","21,40M","0,73%"
14.12.2018,"50,88","50,38","51,19","49,85","16,91M","0,55%"
13.12.2018,"50,60","50,85","51,28","50,25","15,15M","0,46%"
12.12.2018,"50,37","51,15","51,40","50,35","15,81M","-0,45%"
11.12.2018,"50,60","51,15","51,74","50,25","19,44M","0,80%"
10.12.2018,"50,20","51,12","51,64","50,19","14,33M","-2,13%"
07.12.2018,"51,29","52,48","53,26","51,09","19,47M","-1,93%"
06.12.2018,"52,30","51,70","52,60","51,07","21,38M","-0,95%"
05.12.2018,"52,80","53,30","53,48","52,43","9,66M","-0,15%"
04.12.2018,"52,88","54,35","54,52","52,50","26,84M","-2,27%"
03.12.2018,"54,11","55,60","55,68","53,74","32,42M","2,48%"
30.11.2018,"52,80","51,56","53,69","51,56","29,50M","1,54%"
29.11.2018,"52,00","51,92","52,73","51,13","23,36M","-0,57%"
28.11.2018,"52,30","50,50","52,32","50,22","29,04M","4,77%"
27.11.2018,"49,92","49,69","50,49","49,10","25,58M","-0,40%"
26.11.2018,"50,12","49,95","51,09","49,00","30,33M","-0,46%"
23.11.2018,"50,35","53,39","53,39","50,35","33,53M","-6,83%"
22.11.2018,"54,04","54,69","54,72","53,75","9,26M","-0,90%"
21.11.2018,"54,53","54,15","54,55","53,71","18,59M","-1,52%"
19.11.2018,"55,37","56,15","56,28","54,81","12,98M","-1,39%"
16.11.2018,"56,15","55,85","56,35","55,15","19,63M","1,79%"
14.11.2018,"55,16","55,21","55,67","54,25","28,36M","-1,97%"
13.11.2018,"56,27","54,90","56,27","54,35","18,79M","2,59%"
12.11.2018,"54,85","55,10","55,45","54,40","15,99M","0,37%"
09.11.2018,"54,65","56,50","57,00","54,13","29,21M","-4,16%"
08.11.2018,"57,02","57,78","58,77","57,02","16,74M","-0,99%"
07.11.2018,"57,59","57,70","58,15","57,40","12,98M","0,63%"
06.11.2018,"57,23","57,00","57,85","56,56","11,21M","-0,52%"
05.11.2018,"57,53","57,61","58,00","57,04","15,49M","0,05%"
01.11.2018,"57,50","56,75","58,26","55,52","20,32M","1,39%"
31.10.2018,"56,71","54,35","56,71","54,27","26,50M","5,27%"
30.10.2018,"53,87","53,60","54,85","52,96","23,72M","1,45%"
29.10.2018,"53,10","56,50","56,50","52,60","26,11M","-4,50%"
26.10.2018,"55,60","54,90","55,89","53,51","26,53M","1,81%"
25.10.2018,"54,61","55,97","56,04","53,80","29,35M","0,33%"
24.10.2018,"54,43","57,40","57,59","54,43","17,70M","-4,09%"
23.10.2018,"56,75","57,31","57,55","56,00","20,71M","-2,78%"
22.10.2018,"58,37","57,70","58,42","57,03","14,00M","3,25%"
19.10.2018,"56,53","57,10","57,53","56,36","13,37M","0,05%"
18.10.2018,"56,50","58,85","58,85","56,32","16,97M","-3,91%"
17.10.2018,"58,80","58,34","58,92","57,75","21,78M","1,91%"
16.10.2018,"57,70","57,94","58,85","57,25","15,77M","0,05%"
15.10.2018,"57,67","56,95","58,45","56,84","16,25M","2,11%"
11.10.2018,"56,48","56,44","57,16","55,62","15,93M","1,06%"
10.10.2018,"55,89","57,38","58,14","55,89","14,08M","-3,07%"
09.10.2018,"57,66","57,40","58,32","56,72","17,76M","1,07%"
08.10.2018,"57,05","57,00","57,57","55,26","26,31M","-0,77%"
05.10.2018,"57,49","57,85","58,31","57,23","20,13M","-2,23%"
04.10.2018,"58,80","59,99","60,34","58,67","14,37M","-1,92%"
03.10.2018,"59,95","62,01","62,19","59,32","26,60M","-2,04%"
02.10.2018,"61,20","60,87","61,74","60,48","20,50M","1,32%"
01.10.2018,"60,40","59,68","60,57","59,08","8,92M","0,97%"
28.09.2018,"59,82","58,85","60,29","58,85","14,69M","0,57%"
27.09.2018,"59,48","60,22","60,75","58,61","20,58M","-0,88%"
26.09.2018,"60,01","62,20","62,42","59,75","24,55M","-3,52%"
25.09.2018,"62,20","60,00","62,22","59,86","16,79M","3,32%"
24.09.2018,"60,20","60,85","61,25","60,15","8,95M","-1,33%"
21.09.2018,"61,01","59,89","61,01","59,60","22,96M","2,85%"
20.09.2018,"59,32","59,21","59,61","58,43","11,21M","1,26%"
19.09.2018,"58,58","57,61","58,94","57,53","12,41M","2,16%"
18.09.2018,"57,34","55,63","57,47","55,51","20,59M","4,18%"
17.09.2018,"55,04","55,30","55,57","54,79","12,06M","-0,29%"
14.09.2018,"55,20","54,10","55,23","54,05","16,97M","2,64%"
13.09.2018,"53,78","53,70","54,43","53,52","14,33M","0,62%"
12.09.2018,"53,45","53,00","53,71","52,18","14,22M","1,64%"
11.09.2018,"52,59","52,61","52,99","52,13","10,32M","-1,18%"
10.09.2018,"53,22","53,91","54,04","52,96","9,28M","-0,49%"
06.09.2018,"53,48","52,79","53,87","52,40","12,14M","2,55%"
05.09.2018,"52,15","52,08","52,64","51,75","7,06M","0,29%"
04.09.2018,"52,00","53,60","53,79","52,00","10,48M","-3,79%"
03.09.2018,"54,05","53,30","54,17","53,21","4,33M","0,80%"
31.08.2018,"53,62","54,52","54,80","53,31","14,96M","-1,74%"
30.08.2018,"54,57","55,30","55,89","54,40","14,39M","-1,18%"
29.08.2018,"55,22","55,25","56,16","55,14","10,22M","-0,77%"
28.08.2018,"55,65","55,93","56,41","55,07","17,81M","-0,04%"
27.08.2018,"55,67","54,17","55,67","54,17","11,10M","2,81%"
24.08.2018,"54,15","53,60","54,46","53,55","10,93M","1,50%"
23.08.2018,"53,35","53,10","53,52","52,65","12,22M","0,09%"
22.08.2018,"53,30","51,65","53,30","51,63","13,03M","3,03%"
21.08.2018,"51,73","51,16","52,10","51,02","13,33M","0,56%"
20.08.2018,"51,44","51,10","51,77","51,04","14,75M","1,26%"
17.08.2018,"50,80","49,53","51,19","49,23","17,32M","2,17%"
16.08.2018,"49,72","50,90","51,03","49,63","20,07M","-1,37%"
15.08.2018,"50,41","51,60","51,98","50,35","26,52M","-4,45%"
14.08.2018,"52,76","52,10","52,91","51,77","17,38M","0,92%"
13.08.2018,"52,28","52,07","52,69","51,74","14,64M","1,10%"
10.08.2018,"51,71","51,41","51,91","50,72","14,59M","-0,25%"
09.08.2018,"51,84","52,50","53,04","51,73","12,73M","-1,07%"
08.08.2018,"52,40","53,30","53,33","52,26","13,00M","-0,66%"
07.08.2018,"52,75","53,39","53,65","52,63","19,01M","0,67%"
06.08.2018,"52,40","52,10","52,91","52,00","11,87M","-0,29%"
03.08.2018,"52,55","52,31","52,94","51,33","15,53M","2,32%"
02.08.2018,"51,36","51,28","51,60","50,06","19,75M","-0,41%"
01.08.2018,"51,57","51,90","52,26","51,53","36,80M","-3,25%"
31.07.2018,"53,30","52,68","53,44","52,54","15,87M","0,93%"
30.07.2018,"52,81","52,20","52,83","52,06","15,47M","1,66%"
27.07.2018,"51,95","51,98","52,17","51,76","21,49M","1,27%"
26.07.2018,"51,30","51,00","51,69","50,93","54,25M","1,99%"
25.07.2018,"50,30","50,02","50,30","49,32","15,15M","0,86%"
24.07.2018,"49,87","50,47","50,92","49,87","20,82M","3,44%"
23.07.2018,"48,21","47,70","48,73","47,17","8,49M","1,79%"
20.07.2018,"47,36","48,20","48,46","47,27","16,65M","-1,44%"
19.07.2018,"48,05","49,29","49,33","47,69","20,68M","-3,92%"
18.07.2018,"50,01","49,72","50,22","49,40","9,72M","1,48%"
17.07.2018,"49,28","48,73","49,59","48,31","11,49M","1,40%"
16.07.2018,"48,60","48,90","49,18","48,21","12,49M","-0,61%"
13.07.2018,"48,90","49,18","49,46","48,53","15,45M","-0,29%"
12.07.2018,"49,04","47,97","49,25","47,59","20,70M","3,26%"
11.07.2018,"47,49","47,14","47,72","47,09","12,88M","-1,35%"
10.07.2018,"48,14","49,28","49,67","47,97","10,89M","-1,61%"
06.07.2018,"48,93","48,40","49,03","48,01","8,54M","1,28%"
05.07.2018,"48,31","47,19","48,38","46,96","12,15M","3,49%"
04.07.2018,"46,68","46,82","47,01","46,27","6,11M","0,13%"
03.07.2018,"46,62","47,92","48,10","46,62","11,34M","-1,62%"
02.07.2018,"47,39","47,52","47,81","47,16","8,17M","-1,68%"
29.06.2018,"48,20","48,31","48,70","47,68","12,18M","1,05%"
28.06.2018,"47,70","46,51","48,05","46,17","16,27M","1,92%"
27.06.2018,"46,80","47,12","47,90","46,56","14,43M","-0,40%"
26.06.2018,"46,99","46,17","46,99","45,32","15,41M","2,51%"
25.06.2018,"45,84","46,36","46,46","44,96","13,74M","-1,76%"
22.06.2018,"46,66","46,80","47,11","46,15","9,59M","1,68%"
21.06.2018,"45,89","47,15","47,82","45,72","13,83M","-3,27%"
20.06.2018,"47,44","47,42","47,70","46,72","14,36M","1,04%"
19.06.2018,"46,95","46,36","47,38","45,71","26,71M","-1,84%"
18.06.2018,"47,83","47,26","47,91","46,52","20,44M","0,17%"
15.06.2018,"47,75","49,96","50,00","47,34","36,53M","-4,99%"
14.06.2018,"50,26","50,42","50,44","49,33","18,78M","0,30%"
13.06.2018,"50,11","50,52","50,78","49,31","15,58M","-0,28%"
12.06.2018,"50,25","49,09","50,89","48,75","18,37M","1,66%"
11.06.2018,"49,43","49,93","50,54","49,17","14,34M","-0,06%"
08.06.2018,"49,46","52,48","52,48","49,24","30,34M","-6,41%"
07.06.2018,"52,85","54,88","55,16","51,58","32,36M","-3,03%"
06.06.2018,"54,50","52,97","54,65","52,96","26,72M","4,37%"
05.06.2018,"52,22","51,03","52,49","51,03","16,91M","2,29%"
04.06.2018,"51,05","51,69","51,95","50,31","13,89M","-0,45%"
01.06.2018,"51,28","49,47","51,59","49,23","20,39M","4,21%"
30.05.2018,"49,21","48,80","49,91","48,31","25,84M","0,94%"
29.05.2018,"48,75","50,51","50,60","48,59","18,61M","-1,79%"
28.05.2018,"49,64","49,47","50,99","49,29","13,72M","-0,80%"
25.05.2018,"50,04","51,11","51,31","49,62","13,14M","-1,86%"
24.05.2018,"50,99","49,88","51,52","49,82","14,47M","1,01%"
23.05.2018,"50,48","50,35","50,78","49,81","15,63M","-0,77%"
22.05.2018,"50,87","51,39","51,57","50,42","20,46M","-1,26%"
21.05.2018,"51,52","53,47","53,56","51,52","22,54M","-3,23%"
18.05.2018,"53,24","53,17","53,95","51,95","22,28M","-1,10%"
17.05.2018,"53,83","53,75","54,24","53,22","20,19M","-0,92%"
16.05.2018,"54,33","53,78","54,43","53,60","20,82M","2,28%"
15.05.2018,"53,12","52,30","53,12","51,69","15,89M","0,70%"
14.05.2018,"52,75","51,59","52,88","51,52","15,80M","3,11%"
11.05.2018,"51,16","50,32","52,08","50,30","21,37M","2,40%"
10.05.2018,"49,96","49,00","49,96","48,97","14,29M","2,29%"
09.05.2018,"48,84","48,04","49,01","47,95","16,75M","2,15%"
08.05.2018,"47,81","47,87","48,29","47,54","22,38M","-0,10%"
07.05.2018,"47,86","48,33","48,64","47,73","15,41M","-0,93%"
04.05.2018,"48,31","47,55","48,50","47,55","14,76M","1,26%"
03.05.2018,"47,71","47,44","47,95","47,22","13,99M","0,76%"
02.05.2018,"47,35","47,14","47,94","47,06","16,50M","0,08%"
30.04.2018,"47,31","46,91","47,46","46,80","8,44M","0,66%"
27.04.2018,"47,00","47,53","47,77","46,52","14,60M","-0,72%"
26.04.2018,"47,34","46,36","47,63","46,29","13,23M","1,57%"
25.04.2018,"46,61","46,41","47,13","46,11","15,41M","-0,75%"
24.04.2018,"46,96","46,36","47,23","46,36","15,08M","1,71%"
23.04.2018,"46,17","45,90","46,64","45,74","11,77M","-0,28%"
20.04.2018,"46,30","46,42","46,56","46,00","10,16M","-0,41%"
19.04.2018,"46,49","46,44","46,82","46,07","16,08M","0,74%"
18.04.2018,"46,15","45,68","46,73","45,54","27,55M","3,38%"
17.04.2018,"44,64","43,35","44,71","43,31","13,29M","3,12%"
16.04.2018,"43,29","43,36","43,59","43,07","11,39M","-0,98%"
13.04.2018,"43,72","43,59","43,90","43,35","15,44M","0,39%"
12.04.2018,"43,55","43,18","43,60","43,08","9,78M","0,37%"
11.04.2018,"43,39","43,31","43,80","42,98","17,67M","-0,44%"
10.04.2018,"43,58","42,57","43,58","42,45","22,40M","4,38%"
09.04.2018,"41,75","41,86","42,02","41,03","11,70M","0,51%"
06.04.2018,"41,54","41,71","41,89","41,07","11,28M","-1,19%"
05.04.2018,"42,04","42,10","42,47","41,82","14,68M","1,64%"
04.04.2018,"41,36","40,63","41,41","40,42","12,41M","-0,74%"
03.04.2018,"41,67","42,18","42,33","41,25","13,64M","-0,31%"
02.04.2018,"41,80","41,13","42,25","41,13","18,90M","1,88%"
29.03.2018,"41,03","40,70","41,55","40,57","20,20M","1,61%"
28.03.2018,"40,38","39,47","40,53","38,94","19,02M","1,66%"
27.03.2018,"39,72","41,20","41,20","39,58","11,61M","-2,69%"
26.03.2018,"40,82","40,82","41,19","40,44","9,80M","0,96%"
23.03.2018,"40,43","40,08","41,02","39,86","14,95M","-0,81%"
22.03.2018,"40,76","40,77","41,07","40,45","15,15M","-1,33%"
21.03.2018,"41,31","40,58","41,49","40,27","19,76M","2,18%"
20.03.2018,"40,43","39,95","40,75","39,78","9,30M","1,20%"
19.03.2018,"39,95","40,36","40,36","39,53","21,83M","-2,85%"
16.03.2018,"41,12","41,21","41,41","40,87","26,67M","-0,22%"
15.03.2018,"41,21","41,50","41,62","40,95","16,00M","-0,48%"
14.03.2018,"41,41","41,65","42,13","41,38","17,88M","1,12%"
13.03.2018,"40,95","41,54","41,60","40,87","13,83M","-0,78%"
12.03.2018,"41,27","41,11","41,44","40,77","11,80M","0,86%"
09.03.2018,"40,92","39,82","41,09","39,38","21,08M","1,54%"
08.03.2018,"40,30","41,48","41,59","40,09","19,98M","-3,24%"
07.03.2018,"41,65","41,32","41,81","41,02","19,33M","-0,36%"
06.03.2018,"41,80","42,77","43,17","41,73","22,34M","-0,48%"
05.03.2018,"42,00","41,79","42,23","41,21","16,10M","-0,12%"
02.03.2018,"42,05","42,09","42,17","41,08","25,24M","-1,57%"
01.03.2018,"42,72","43,45","43,85","42,26","25,78M","-1,34%"
28.02.2018,"43,30","45,16","45,26","42,91","39,46M","-4,81%"
27.02.2018,"45,49","45,62","45,75","44,89","15,06M","-0,13%"
26.02.2018,"45,55","44,92","45,55","44,87","20,37M","2,84%"
23.02.2018,"44,29","44,21","44,60","43,87","17,49M","0,91%"
22.02.2018,"43,89","43,47","43,90","43,36","14,08M","1,93%"
21.02.2018,"43,06","43,74","44,17","42,97","24,31M","-1,55%"
20.02.2018,"43,74","44,26","44,64","43,48","18,42M","-2,02%"
19.02.2018,"44,64","44,31","44,98","44,17","12,76M","0,90%"
16.02.2018,"44,24","44,04","44,39","43,70","21,11M","0,18%"
15.02.2018,"44,16","43,26","44,17","43,20","31,04M","3,23%"
14.02.2018,"42,78","41,71","42,82","41,58","25,91M","6,00%"
09.02.2018,"40,36","39,79","40,75","39,43","22,76M","0,98%"
08.02.2018,"39,97","40,07","40,49","39,47","18,93M","-0,30%"
07.02.2018,"40,09","40,78","41,06","40,08","20,56M","-1,79%"
06.02.2018,"40,82","38,45","40,82","38,38","26,04M","5,26%"
05.02.2018,"38,78","39,02","40,40","38,76","22,45M","-1,10%"
02.02.2018,"39,21","40,03","40,03","39,16","17,89M","-2,37%"
01.02.2018,"40,16","39,98","40,82","39,95","21,95M","0,80%"
31.01.2018,"39,84","40,12","41,02","39,84","22,86M","-0,05%"
30.01.2018,"39,86","40,08","40,33","39,62","13,18M","-0,99%"
29.01.2018,"40,26","39,50","40,60","39,44","16,75M","1,10%"
26.01.2018,"39,82","40,22","40,25","39,12","19,26M","-0,82%"
24.01.2018,"40,15","39,61","40,49","39,54","22,10M","2,21%"
23.01.2018,"39,28","40,36","40,47","39,21","24,36M","-4,17%"
22.01.2018,"40,99","41,42","41,48","40,58","11,58M","-0,53%"
19.01.2018,"41,21","41,52","41,71","40,94","11,17M","0,05%"
18.01.2018,"41,19","41,81","41,91","41,02","10,77M","-0,68%"
17.01.2018,"41,47","40,75","41,54","40,71","16,49M","2,02%"
16.01.2018,"40,65","41,31","41,46","40,65","20,12M","-2,70%"
15.01.2018,"41,78","41,81","42,02","41,59","7,25M","-0,17%"
12.01.2018,"41,85","41,28","41,96","41,09","15,01M","0,58%"
11.01.2018,"41,61","40,94","41,61","40,94","10,24M","1,94%"
10.01.2018,"40,82","41,08","41,28","40,77","12,15M","-1,38%"
09.01.2018,"41,39","41,88","42,05","41,26","15,99M","-0,39%"
08.01.2018,"41,55","40,75","41,55","40,75","14,54M","2,24%"
05.01.2018,"40,64","39,95","40,64","39,70","15,25M","1,55%"
04.01.2018,"40,02","40,18","40,72","39,90","18,43M","0,40%"
03.01.2018,"39,86","40,20","40,25","39,69","12,74M","-0,60%"
02.01.2018,"40,10","38,87","40,11","38,87","14,16M","3,64%"
28.12.2017,"38,69","38,45","38,69","38,38","9,96M","0,99%"
27.12.2017,"38,31","38,25","38,64","38,09","9,94M","0,03%"
26.12.2017,"38,30","38,07","38,44","37,50","9,99M","0,16%"
22.12.2017,"38,24","37,81","38,28","37,69","10,14M","1,22%"
21.12.2017,"37,78","37,18","37,78","37,16","11,77M","1,48%"
20.12.2017,"37,23","36,10","37,28","36,10","19,22M","3,45%"
19.12.2017,"35,99","35,86","36,23","35,79","14,04M","0,03%"
18.12.2017,"35,98","35,65","36,15","35,50","24,34M","2,57%"
15.12.2017,"35,08","34,72","35,45","34,57","32,95M","1,80%"
14.12.2017,"34,46","34,14","34,78","34,03","17,72M","0,38%"
13.12.2017,"34,33","34,64","34,69","34,28","21,14M","-0,20%"
12.12.2017,"34,40","33,88","34,40","33,49","17,62M","1,18%"
11.12.2017,"34,00","34,07","34,23","33,74","14,79M","0,77%"
08.12.2017,"33,74","34,05","34,18","33,72","21,50M","0,42%"
07.12.2017,"33,60","33,33","33,75","33,18","19,88M","-1,18%"
06.12.2017,"34,00","33,83","34,22","33,62","20,40M","-0,73%"
05.12.2017,"34,25","35,00","35,56","34,25","25,90M","-2,20%"
04.12.2017,"35,02","34,19","35,16","34,09","22,60M","3,79%"
01.12.2017,"33,74","33,47","34,20","33,17","17,20M","0,99%"
30.11.2017,"33,41","33,95","34,31","33,21","25,42M","-1,59%"
29.11.2017,"33,95","34,50","34,78","33,88","18,18M","-1,51%"
28.11.2017,"34,47","33,71","34,85","33,52","28,59M","2,38%"
27.11.2017,"33,67","33,72","34,02","33,36","15,11M","-1,06%"
24.11.2017,"34,03","33,45","34,09","33,38","30,78M","1,67%"
23.11.2017,"33,47","33,12","33,61","32,87","11,96M","1,33%"
22.11.2017,"33,03","32,71","33,25","32,59","22,15M","2,01%"
21.11.2017,"32,38","31,65","32,38","31,52","23,74M","3,45%"
17.11.2017,"31,30","30,99","31,54","30,73","13,77M","0,97%"
16.11.2017,"31,00","30,86","31,18","30,46","16,28M","1,37%"
14.11.2017,"30,58","31,40","31,47","30,37","23,39M","-2,95%"
13.11.2017,"31,51","31,23","31,80","30,99","12,42M","1,12%"
10.11.2017,"31,16","31,17","31,41","30,90","12,20M","-0,10%"
09.11.2017,"31,19","32,04","32,05","31,19","19,25M","-3,35%"
08.11.2017,"32,27","32,15","32,28","31,81","11,58M","1,26%"
07.11.2017,"31,87","32,56","32,56","31,87","20,24M","-2,39%"
06.11.2017,"32,65","32,22","32,65","32,17","26,33M","2,38%"
03.11.2017,"31,89","31,57","31,89","31,38","29,22M","2,18%"
01.11.2017,"31,21","31,19","31,64","31,08","29,71M","2,26%"
31.10.2017,"30,52","30,83","31,08","30,44","14,63M","-0,78%"
30.10.2017,"30,76","30,61","31,31","30,27","19,40M","-0,61%"
27.10.2017,"30,95","30,70","31,25","30,46","17,38M","-0,35%"
26.10.2017,"31,06","32,20","32,23","31,06","25,30M","-2,63%"
25.10.2017,"31,90","31,98","32,20","31,44","16,72M","-0,84%"
24.10.2017,"32,17","31,26","32,17","30,95","20,00M","3,44%"
23.10.2017,"31,10","31,38","31,57","31,04","11,95M","-0,73%"
20.10.2017,"31,33","32,09","32,12","31,33","24,30M","-0,16%"
19.10.2017,"31,38","30,19","31,44","30,15","18,55M","2,28%"
18.10.2017,"30,68","31,15","31,33","30,23","21,21M","-0,97%"
17.10.2017,"30,98","31,48","31,68","30,98","19,84M","-2,30%"
16.10.2017,"31,71","31,74","31,99","31,22","35,86M","1,34%"
13.10.2017,"31,29","30,52","31,47","30,43","31,31M","5,82%"
11.10.2017,"29,57","29,42","29,94","29,22","22,92M","-0,71%"
10.10.2017,"29,78","30,09","30,14","29,42","20,06M","-0,57%"
09.10.2017,"29,95","30,47","30,52","29,72","13,19M","-2,00%"
06.10.2017,"30,56","30,49","30,57","30,27","12,36M","-0,39%"
05.10.2017,"30,68","31,38","31,56","30,66","17,25M","-1,06%"
04.10.2017,"31,01","31,26","31,44","31,01","17,37M","-0,19%"
03.10.2017,"31,07","30,51","31,07","30,20","23,35M","2,44%"
02.10.2017,"30,33","30,66","30,84","30,30","13,43M","0,10%"
29.09.2017,"30,30","30,56","30,81","30,06","15,93M","0,36%"
28.09.2017,"30,19","29,96","30,28","29,74","17,52M","-0,56%"
27.09.2017,"30,36","30,41","30,66","29,50","26,16M","1,37%"
26.09.2017,"29,95","29,92","30,36","29,87","17,02M","1,32%"
25.09.2017,"29,56","30,24","30,70","29,48","20,69M","-2,57%"
22.09.2017,"30,34","30,57","30,79","30,28","16,82M","-1,84%"
21.09.2017,"30,91","31,05","31,16","30,58","26,13M","-2,00%"
20.09.2017,"31,54","32,21","32,47","31,16","24,02M","-2,20%"
19.09.2017,"32,25","32,14","32,32","31,69","17,06M","-0,98%"
18.09.2017,"32,57","32,15","32,62","32,12","18,56M","1,34%"
15.09.2017,"32,14","31,72","32,46","31,66","34,07M","0,53%"
14.09.2017,"31,97","32,33","32,42","31,71","24,23M","-3,30%"
13.09.2017,"33,06","33,33","33,40","32,70","21,94M","-1,40%"
12.09.2017,"33,53","33,63","33,97","33,50","16,05M","0,48%"
11.09.2017,"33,37","33,09","33,48","33,02","19,09M","1,80%"
08.09.2017,"32,78","33,94","34,33","32,78","22,87M","-3,70%"
06.09.2017,"34,04","34,06","34,32","33,73","18,07M","0,56%"
05.09.2017,"33,85","34,71","34,89","33,45","24,11M","-1,40%"
04.09.2017,"34,33","33,64","34,41","33,57","14,96M","1,21%"
01.09.2017,"33,92","33,75","34,21","33,53","22,46M","1,68%"
31.08.2017,"33,36","33,20","33,45","32,76","56,19M","2,17%"
30.08.2017,"32,65","32,80","33,00","32,56","13,95M","-0,31%"
29.08.2017,"32,75","32,33","32,96","32,24","15,65M","0,24%"
28.08.2017,"32,67","32,04","32,79","32,00","14,84M","1,55%"
25.08.2017,"32,17","32,44","32,64","31,78","16,27M","-0,12%"
24.08.2017,"32,21","30,96","32,33","30,74","20,39M","4,10%"
23.08.2017,"30,94","30,18","30,95","30,05","15,31M","2,15%"
22.08.2017,"30,29","30,76","30,80","30,15","19,09M","0,33%"
21.08.2017,"30,19","30,42","30,66","30,15","19,83M","0,63%"
18.08.2017,"30,00","30,24","30,47","29,87","24,35M","1,11%"
17.08.2017,"29,67","30,32","30,46","29,58","14,01M","-1,66%"
16.08.2017,"30,17","29,86","30,49","29,78","25,98M","1,96%"
15.08.2017,"29,59","29,76","29,90","29,18","17,69M","-0,57%"
14.08.2017,"29,76","29,27","29,92","29,04","16,86M","1,60%"
11.08.2017,"29,29","29,73","29,73","29,06","13,44M","-2,20%"
10.08.2017,"29,95","30,23","30,46","29,85","7,37M","-1,32%"
09.08.2017,"30,35","30,43","30,66","30,14","7,84M","-0,39%"
08.08.2017,"30,47","30,51","31,02","30,01","9,69M","-1,17%"
07.08.2017,"30,83","30,05","30,84","30,04","7,79M","3,84%"
04.08.2017,"29,69","29,44","29,94","29,23","4,57M","1,78%"
03.08.2017,"29,17","29,61","29,69","29,13","5,05M","-1,39%"
02.08.2017,"29,58","29,19","29,73","29,04","6,07M","0,17%"
01.08.2017,"29,53","29,71","29,71","29,19","4,30M","-0,77%"
31.07.2017,"29,76","29,95","29,97","29,51","6,25M","3,15%"
28.07.2017,"28,85","28,08","28,86","27,89","5,15M","2,16%"
27.07.2017,"28,24","28,20","28,72","27,83","5,51M","0,14%"
26.07.2017,"28,20","29,38","29,38","28,19","10,67M","-3,13%"
25.07.2017,"29,11","28,11","29,14","28,11","11,65M","5,09%"
24.07.2017,"27,70","27,21","27,73","27,10","4,20M","2,21%"
21.07.2017,"27,10","27,29","27,61","26,93","5,46M","-0,77%"
20.07.2017,"27,31","28,36","28,36","27,24","5,91M","-3,94%"
19.07.2017,"28,43","28,53","28,69","28,27","4,39M","0,00%"
18.07.2017,"28,43","28,43","28,56","28,07","3,97M","0,60%"
17.07.2017,"28,26","28,38","28,78","28,18","4,65M","0,68%"
14.07.2017,"28,07","28,00","28,25","27,86","3,72M","1,15%"
13.07.2017,"27,75","28,63","28,75","27,59","7,76M","-2,39%"
12.07.2017,"28,43","28,72","28,80","28,02","8,51M","-0,46%"
11.07.2017,"28,56","28,36","28,61","28,18","4,95M","1,10%"
10.07.2017,"28,25","27,48","28,29","27,21","5,05M","2,84%"
07.07.2017,"27,47","27,69","27,94","27,03","4,65M","-0,11%"
06.07.2017,"27,50","27,42","27,56","27,04","4,81M","-0,04%"
05.07.2017,"27,51","28,17","28,38","27,31","6,43M","-2,31%"
04.07.2017,"28,16","28,01","28,16","27,92","1,06M","-0,11%"
03.07.2017,"28,19","27,82","28,25","27,67","2,16M","2,25%"
30.06.2017,"27,57","27,53","27,76","27,25","4,75M","0,33%"
29.06.2017,"27,48","27,69","27,93","27,11","4,30M","0,40%"
28.06.2017,"27,37","27,11","27,46","26,95","8,51M","3,09%"
27.06.2017,"26,55","26,96","27,53","26,52","7,46M","1,65%"
26.06.2017,"26,12","26,00","26,31","25,96","4,03M","0,85%"
23.06.2017,"25,90","25,69","26,14","25,45","4,85M","0,82%"
22.06.2017,"25,69","25,15","26,16","25,03","4,68M","2,07%"
21.06.2017,"25,17","24,63","25,46","24,53","2,75M","2,94%"
20.06.2017,"24,45","24,84","24,86","24,27","4,35M","-2,55%"
19.06.2017,"25,09","24,71","25,57","24,63","5,72M","3,25%"
16.06.2017,"24,30","24,54","24,73","24,15","12,98M","-2,10%"
14.06.2017,"24,82","25,33","25,42","24,54","7,63M","-1,00%"
13.06.2017,"25,07","25,34","25,57","24,86","4,57M","-1,76%"
12.06.2017,"25,52","26,04","26,16","25,23","5,19M","-1,69%"
09.06.2017,"25,96","25,82","26,19","25,61","5,22M","1,05%"
08.06.2017,"25,69","25,05","25,94","25,03","5,16M","2,15%"
07.06.2017,"25,15","25,58","25,71","25,04","5,91M","-0,47%"
06.06.2017,"25,27","25,02","25,82","25,02","5,87M","0,32%"
05.06.2017,"25,19","25,05","25,34","24,93","3,46M","-1,06%"
02.06.2017,"25,46","25,58","25,66","25,09","2,60M","0,39%"
01.06.2017,"25,36","25,82","26,02","25,19","6,90M","-1,82%"
31.05.2017,"25,83","26,81","26,88","25,55","9,43M","-5,00%"
30.05.2017,"27,19","26,77","27,48","26,55","3,07M","1,91%"
29.05.2017,"26,68","26,22","27,34","26,22","2,95M","0,72%"
26.05.2017,"26,49","26,14","26,55","25,99","2,96M","0,57%"
25.05.2017,"26,34","26,16","26,57","25,82","3,99M","0,65%"
24.05.2017,"26,17","26,75","26,75","25,93","4,31M","-2,61%"
23.05.2017,"26,87","26,39","26,97","25,82","5,40M","1,21%"
22.05.2017,"26,55","25,91","26,79","25,60","7,97M","2,47%"
19.05.2017,"25,91","25,82","26,59","25,67","6,49M","1,45%"
18.05.2017,"25,54","23,77","26,05","23,77","20,10M","0,08%"
17.05.2017,"25,52","25,99","26,13","25,32","5,43M","-1,54%"
16.05.2017,"25,92","25,50","26,07","25,37","7,04M","2,29%"
15.05.2017,"25,34","24,79","25,34","24,65","7,37M","2,84%"
12.05.2017,"24,64","25,37","25,39","24,47","3,84M","-1,56%"
11.05.2017,"25,03","25,31","25,40","24,89","3,40M","-0,87%"
10.05.2017,"25,25","25,56","25,72","24,89","4,51M","0,20%"
09.05.2017,"25,20","25,10","25,50","24,89","3,97M","1,82%"
08.05.2017,"24,75","24,72","24,86","24,18","4,54M","-0,08%"
05.05.2017,"24,77","23,96","25,10","23,96","4,22M","2,78%"
04.05.2017,"24,10","24,67","24,67","23,83","7,71M","-3,72%"
03.05.2017,"25,03","26,24","26,35","25,02","7,88M","-6,18%"
02.05.2017,"26,68","26,34","26,79","26,24","7,80M","2,14%"
28.04.2017,"26,12","25,81","26,35","25,74","4,79M","2,39%"
27.04.2017,"25,51","26,52","26,78","25,12","9,34M","-3,26%"
26.04.2017,"26,37","26,90","27,18","26,37","5,95M","-2,19%"
25.04.2017,"26,96","25,98","26,96","25,79","4,66M","3,30%"
24.04.2017,"26,10","26,58","26,59","25,76","3,35M","1,12%"
20.04.2017,"25,81","25,11","25,86","24,95","4,58M","5,18%"
19.04.2017,"24,54","24,75","25,25","24,42","6,30M","0,25%"
18.04.2017,"24,48","24,43","24,62","24,06","7,20M","-3,01%"
17.04.2017,"25,24","25,07","25,28","24,55","5,37M","0,04%"
13.04.2017,"25,23","25,19","25,67","25,10","4,17M","0,00%"
12.04.2017,"25,23","25,40","25,76","25,10","6,28M","-4,32%"
11.04.2017,"26,37","26,76","26,95","25,60","5,07M","-1,27%"
10.04.2017,"26,71","26,81","26,93","26,11","3,78M","-0,41%"
07.04.2017,"26,82","25,95","27,18","25,70","7,50M","0,83%"
06.04.2017,"26,60","27,36","27,50","26,36","5,81M","-1,85%"
05.04.2017,"27,10","28,52","28,97","26,93","6,23M","-3,90%"
04.04.2017,"28,20","27,20","28,26","26,96","2,43M","3,87%"
03.04.2017,"27,15","27,43","27,60","26,77","4,09M","-0,95%"
31.03.2017,"27,41","27,17","27,93","26,95","4,01M","-1,05%"
30.03.2017,"27,70","27,60","27,96","27,37","2,23M","-0,04%"
29.03.2017,"27,71","27,68","28,08","27,19","3,10M","1,02%"
28.03.2017,"27,43","27,30","27,60","27,02","4,45M","1,44%"
27.03.2017,"27,04","25,75","27,25","25,07","6,83M","1,35%"
24.03.2017,"26,68","27,14","27,15","26,27","3,91M","-0,85%"
23.03.2017,"26,91","26,72","27,26","26,16","7,07M","-0,52%"
22.03.2017,"27,05","26,18","27,68","26,03","7,01M","1,24%"
21.03.2017,"26,72","28,42","28,50","26,64","6,49M","-8,18%"
20.03.2017,"29,10","28,66","29,34","28,43","3,24M","1,04%"
17.03.2017,"28,80","30,08","30,15","28,80","14,67M","-3,78%"
16.03.2017,"29,93","30,94","31,14","29,70","4,53M","-2,38%"
15.03.2017,"30,66","29,36","30,66","29,05","7,37M","6,90%"
14.03.2017,"28,68","28,29","28,98","27,87","4,09M","0,53%"
13.03.2017,"28,53","28,29","28,87","28,25","5,77M","4,58%"
10.03.2017,"27,28","28,21","28,54","27,28","5,57M","-1,76%"
09.03.2017,"27,77","27,10","28,14","26,75","8,74M","0,22%"
08.03.2017,"27,71","28,73","28,85","27,45","5,79M","-2,60%"
07.03.2017,"28,45","28,70","29,32","28,34","6,65M","-0,59%"
06.03.2017,"28,62","28,89","29,09","28,23","6,39M","-2,25%"
03.03.2017,"29,28","29,34","29,71","28,86","6,89M","1,14%"
02.03.2017,"28,95","30,64","30,92","28,85","6,86M","-5,14%"
01.03.2017,"30,52","30,41","30,71","30,23","3,26M","1,36%"
24.02.2017,"30,11","29,58","31,20","29,44","9,98M","-1,34%"
23.02.2017,"30,52","32,38","32,44","30,18","12,57M","-4,39%"
22.02.2017,"31,92","32,51","32,51","31,31","6,85M","-2,39%"
21.02.2017,"32,70","33,90","34,30","32,46","6,31M","-2,45%"
20.02.2017,"33,52","33,02","33,64","32,92","6,05M","-1,61%"
17.02.2017,"34,07","33,61","34,30","33,39","5,91M","0,89%"
16.02.2017,"33,77","33,78","34,44","33,62","5,23M","-0,15%"
15.02.2017,"33,82","34,70","34,75","33,69","6,63M","-1,69%"
14.02.2017,"34,40","35,53","35,56","34,03","4,65M","-3,94%"
13.02.2017,"35,81","34,21","35,85","34,02","11,34M","9,18%"
10.02.2017,"32,80","32,16","32,80","32,10","5,04M","5,53%"
09.02.2017,"31,08","30,52","31,35","30,26","4,01M","1,60%"
08.02.2017,"30,59","30,79","30,82","30,04","3,87M","1,16%"
07.02.2017,"30,24","30,64","31,33","30,08","4,30M","1,07%"
06.02.2017,"29,92","30,66","30,77","29,87","3,55M","-2,25%"
03.02.2017,"30,61","32,00","32,00","30,39","6,83M","-6,28%"
02.02.2017,"32,66","32,41","33,44","32,41","4,02M","-0,70%"
01.02.2017,"32,89","32,70","33,51","32,68","5,93M","2,21%"
31.01.2017,"32,18","32,70","32,95","32,11","4,07M","-0,22%"
30.01.2017,"32,25","33,22","33,49","32,14","3,14M","-4,30%"
27.01.2017,"33,70","33,48","34,20","33,41","3,24M","0,30%"
26.01.2017,"33,60","34,42","34,63","33,60","5,27M","-1,55%"
24.01.2017,"34,13","34,07","34,72","33,27","5,37M","2,46%"
23.01.2017,"33,31","32,21","33,48","32,19","4,37M","3,77%"
20.01.2017,"32,10","30,99","32,43","30,95","6,31M","2,00%"
19.01.2017,"31,47","32,00","32,02","31,03","5,30M","-1,99%"
18.01.2017,"32,11","30,35","32,69","30,35","14,85M","5,04%"
17.01.2017,"30,57","31,23","31,30","30,49","5,97M","-3,93%"
16.01.2017,"31,82","31,20","32,11","31,20","2,02M","2,68%"
13.01.2017,"30,99","29,89","31,20","29,70","4,42M","3,06%"
12.01.2017,"30,07","30,08","30,42","29,71","5,50M","3,23%"
11.01.2017,"29,13","28,81","29,19","28,33","3,50M","2,07%"
10.01.2017,"28,54","27,42","28,54","27,42","3,61M","7,70%"
09.01.2017,"26,50","26,30","26,85","26,27","3,41M","2,04%"
06.01.2017,"25,97","26,29","26,59","25,86","4,21M","-2,66%"
05.01.2017,"26,68","25,98","26,90","25,78","4,03M","3,81%"
04.01.2017,"25,70","26,06","26,23","25,36","2,14M","-1,80%"
03.01.2017,"26,17","25,51","26,17","25,40","5,66M","4,43%"
02.01.2017,"25,06","25,28","25,49","25,05","1,12M","-2,41%"
29.12.2016,"25,68","26,68","26,85","25,50","4,78M","-3,75%"
28.12.2016,"26,68","26,21","26,92","26,21","6,26M","3,17%"
27.12.2016,"25,86","26,23","26,39","25,83","1,97M","-0,50%"
26.12.2016,"25,99","25,33","26,07","25,14","854,60K","3,18%"
23.12.2016,"25,19","25,46","25,72","25,18","4,23M","-0,75%"
22.12.2016,"25,38","25,90","26,03","25,21","3,93M","-4,15%"
21.12.2016,"26,48","26,71","26,94","26,22","3,69M","-0,38%"
20.12.2016,"26,58","26,21","26,64","25,92","4,57M","2,03%"
19.12.2016,"26,05","27,70","27,94","25,99","6,37M","-6,13%"
16.12.2016,"27,75","28,28","28,59","27,75","6,34M","-1,70%"
15.12.2016,"28,23","27,80","28,63","27,34","5,29M","1,26%"
14.12.2016,"27,88","28,15","28,67","27,50","7,73M","-1,59%"
13.12.2016,"28,33","28,95","29,51","28,06","6,23M","-3,93%"
12.12.2016,"29,49","29,79","30,05","29,19","3,64M","-0,41%"
09.12.2016,"29,61","30,28","30,40","29,46","5,97M","-1,73%"
08.12.2016,"30,13","31,30","31,65","30,00","5,15M","-2,90%"
07.12.2016,"31,03","30,88","31,48","30,43","6,30M","3,43%"
06.12.2016,"30,00","29,32","30,00","29,13","4,88M","1,35%"
05.12.2016,"29,60","29,77","30,15","29,21","4,40M","0,37%"
02.12.2016,"29,49","27,81","29,49","27,45","9,54M","4,20%"
01.12.2016,"28,30","28,90","30,07","27,75","11,80M","1,43%"
30.11.2016,"27,90","28,81","29,38","27,76","14,91M","-3,83%"
29.11.2016,"29,01","30,25","30,27","28,69","9,46M","-5,90%"
28.11.2016,"30,83","28,83","30,83","28,42","8,82M","7,31%"
25.11.2016,"28,73","27,37","28,73","27,35","6,22M","4,74%"
24.11.2016,"27,43","28,12","28,36","27,43","2,69M","-2,07%"
23.11.2016,"28,01","27,59","28,20","27,18","6,49M","1,45%"
22.11.2016,"27,61","26,91","27,72","26,74","7,43M","7,52%"
21.11.2016,"25,68","24,61","25,75","24,51","6,29M","4,52%"
18.11.2016,"24,57","24,60","24,87","23,72","6,89M","-0,69%"
17.11.2016,"24,74","25,49","25,60","24,74","8,34M","-1,63%"
16.11.2016,"25,15","25,09","25,32","24,17","7,50M","-4,95%"
14.11.2016,"26,46","25,82","26,74","25,56","7,09M","1,85%"
11.11.2016,"25,98","27,69","28,01","25,80","15,17M","-3,31%"
10.11.2016,"26,87","25,96","27,41","25,80","10,37M","7,48%"
09.11.2016,"25,00","23,60","25,89","23,32","13,53M","4,30%"
08.11.2016,"23,97","23,01","24,30","22,98","4,85M","3,63%"
07.11.2016,"23,13","22,39","23,21","22,20","5,15M","7,03%"
04.11.2016,"21,61","21,81","22,12","21,44","7,43M","-1,59%"
03.11.2016,"21,96","22,05","22,66","21,88","8,95M","-1,52%"
01.11.2016,"22,30","22,37","22,65","21,57","7,50M","1,00%"
31.10.2016,"22,08","22,15","22,34","21,66","6,55M","-0,27%"
28.10.2016,"22,14","21,85","22,47","21,83","9,97M","0,64%"
27.10.2016,"22,00","22,10","22,31","21,66","10,15M","1,06%"
26.10.2016,"21,77","21,10","21,86","20,82","10,29M","1,97%"
25.10.2016,"21,35","20,83","21,35","20,62","11,61M","5,17%"
24.10.2016,"20,30","20,30","20,61","20,02","7,25M","1,96%"
21.10.2016,"19,91","19,15","20,20","18,88","16,07M","4,24%"
20.10.2016,"19,10","18,67","19,17","18,65","9,47M","2,58%"
19.10.2016,"18,62","18,76","18,92","18,51","4,57M","-0,80%"
18.10.2016,"18,77","18,50","18,88","18,34","9,58M","2,91%"
17.10.2016,"18,24","18,09","18,45","17,98","5,16M","1,22%"
14.10.2016,"18,02","18,10","18,33","17,97","6,78M","1,52%"
13.10.2016,"17,75","18,25","18,25","17,70","18,40M","-4,57%"
11.10.2016,"18,60","18,88","19,10","18,40","9,72M","-2,36%"
10.10.2016,"19,05","18,24","19,09","18,16","8,87M","5,83%"
07.10.2016,"18,00","17,97","18,28","17,72","10,04M","1,12%"
06.10.2016,"17,80","17,84","17,95","17,70","4,18M","-0,34%"
05.10.2016,"17,86","17,88","18,01","17,71","3,21M","1,19%"
04.10.2016,"17,65","18,20","18,30","17,56","5,31M","-2,49%"
03.10.2016,"18,10","17,85","18,27","17,75","3,67M","1,63%"
30.09.2016,"17,81","18,02","18,08","17,66","4,52M","-1,00%"
29.09.2016,"17,99","18,21","18,42","17,87","4,37M","-1,10%"
28.09.2016,"18,19","17,68","18,22","17,65","4,91M","3,35%"
27.09.2016,"17,60","17,35","17,63","17,10","3,17M","0,92%"
26.09.2016,"17,44","17,39","17,68","17,38","2,33M","-1,19%"
23.09.2016,"17,65","17,47","17,84","17,31","4,75M","0,57%"
22.09.2016,"17,55","17,86","17,96","17,32","5,34M","-0,57%"
21.09.2016,"17,65","17,21","17,65","17,10","7,60M","5,69%"
20.09.2016,"16,70","16,72","16,80","16,38","3,35M","0,24%"
19.09.2016,"16,66","16,75","16,92","16,49","3,28M","1,52%"
16.09.2016,"16,41","16,58","16,60","16,22","5,28M","-1,38%"
15.09.2016,"16,64","16,78","17,00","16,45","2,24M","0,00%"
14.09.2016,"16,64","16,50","16,86","16,36","3,64M","2,27%"
13.09.2016,"16,27","17,08","17,14","16,16","8,04M","-6,98%"
12.09.2016,"17,49","16,84","17,55","16,58","7,15M","3,74%"
09.09.2016,"16,86","17,66","17,71","16,86","5,75M","-5,23%"
08.09.2016,"17,79","18,01","18,17","17,66","8,03M","-2,63%"
06.09.2016,"18,27","17,99","18,32","17,69","5,13M","2,07%"
05.09.2016,"17,90","18,39","18,39","17,85","2,50M","-1,86%"
02.09.2016,"18,24","17,70","18,37","17,65","6,86M","4,59%"
01.09.2016,"17,44","17,05","17,53","17,02","5,30M","2,95%"
31.08.2016,"16,94","17,65","17,70","16,84","9,38M","-4,02%"
30.08.2016,"17,65","18,11","18,19","17,61","3,48M","-2,49%"
29.08.2016,"18,10","17,85","18,30","17,75","4,51M","2,20%"
26.08.2016,"17,71","18,31","18,60","17,55","5,96M","-2,59%"
25.08.2016,"18,18","18,20","18,54","18,09","7,03M","0,17%"
24.08.2016,"18,15","18,60","18,80","18,02","6,92M","-3,20%"
23.08.2016,"18,75","18,75","19,20","18,70","5,83M","2,01%"
22.08.2016,"18,38","18,94","18,94","18,28","4,82M","-3,67%"
19.08.2016,"19,08","18,90","19,29","18,68","4,21M","0,85%"
18.08.2016,"18,92","19,14","19,34","18,67","4,06M","-1,05%"
17.08.2016,"19,12","18,80","19,18","18,42","5,33M","0,74%"
16.08.2016,"18,98","18,58","19,25","18,55","5,07M","2,98%"
15.08.2016,"18,43","18,08","18,49","18,01","3,69M","2,62%"
12.08.2016,"17,96","18,34","18,38","17,77","5,90M","-2,44%"
11.08.2016,"18,41","18,15","18,44","17,90","6,11M","1,77%"
10.08.2016,"18,09","19,19","19,22","18,09","9,24M","-4,74%"
09.08.2016,"18,99","19,05","19,39","18,91","5,25M","0,05%"
08.08.2016,"18,98","19,05","19,38","18,76","3,46M","0,05%"
05.08.2016,"18,97","19,11","19,22","18,73","4,21M","1,12%"
04.08.2016,"18,76","18,58","19,09","18,37","6,88M","-0,32%"
03.08.2016,"18,82","17,91","18,92","17,65","7,53M","4,61%"
02.08.2016,"17,99","18,01","18,48","17,65","4,14M","0,50%"
01.08.2016,"17,90","18,80","19,08","17,90","6,63M","-3,24%"
29.07.2016,"18,50","18,90","18,90","18,11","7,54M","-2,84%"
28.07.2016,"19,04","19,06","19,20","18,38","9,01M","0,63%"
27.07.2016,"18,92","18,60","19,09","18,60","5,25M","2,71%"
26.07.2016,"18,42","17,46","18,60","17,39","9,24M","5,74%"
25.07.2016,"17,42","17,34","17,45","16,94","5,16M","1,57%"
22.07.2016,"17,15","17,28","17,36","16,75","4,49M","-1,44%"
21.07.2016,"17,40","16,89","17,54","16,84","7,50M","5,39%"
20.07.2016,"16,51","16,83","17,03","16,40","7,39M","-1,96%"
19.07.2016,"16,84","17,24","17,33","16,51","8,18M","-4,21%"
18.07.2016,"17,58","17,35","17,60","17,03","4,33M","1,38%"
15.07.2016,"17,34","17,36","17,67","17,13","3,79M","-0,06%"
14.07.2016,"17,35","18,10","18,10","17,05","8,93M","-2,64%"
13.07.2016,"17,82","17,75","17,92","17,07","6,51M","0,73%"
12.07.2016,"17,69","17,44","17,92","17,37","9,43M","4,92%"
11.07.2016,"16,86","16,55","16,95","16,47","4,77M","4,14%"
08.07.2016,"16,19","16,26","16,65","16,12","3,89M","1,06%"
07.07.2016,"16,02","16,35","16,74","15,73","5,60M","-1,66%"
06.07.2016,"16,29","15,84","16,33","15,51","4,11M","1,43%"
05.07.2016,"16,06","16,61","17,03","15,94","5,50M","-5,36%"
04.07.2016,"16,97","16,86","17,15","16,86","1,57M","2,11%"
01.07.2016,"16,62","16,31","16,82","15,96","5,21M","2,15%"
30.06.2016,"16,27","15,89","16,34","15,72","6,94M","3,56%"
29.06.2016,"15,71","15,88","16,04","15,65","4,86M","1,62%"
28.06.2016,"15,46","15,20","15,69","15,17","5,29M","4,46%"
27.06.2016,"14,80","15,31","15,45","14,61","5,21M","-2,70%"
24.06.2016,"15,21","15,48","15,83","15,10","8,44M","-8,32%"
23.06.2016,"16,59","16,26","16,64","15,95","4,07M","4,67%"
22.06.2016,"15,85","15,81","16,24","15,80","4,87M","1,60%"
21.06.2016,"15,60","15,62","15,67","15,11","3,91M","0,19%"
20.06.2016,"15,57","15,77","16,00","15,51","4,17M","1,90%"
17.06.2016,"15,28","15,64","15,93","15,08","8,58M","0,33%"
16.06.2016,"15,23","14,79","15,40","14,64","6,32M","1,53%"
15.06.2016,"15,00","14,80","15,51","14,76","9,53M","2,53%"
14.06.2016,"14,63","15,11","15,39","14,42","7,42M","-3,75%"
13.06.2016,"15,20","14,66","15,49","14,50","6,37M","1,67%"
10.06.2016,"14,95","15,14","15,32","14,82","5,90M","-4,78%"
09.06.2016,"15,70","16,80","16,80","15,49","11,39M","-7,65%"
08.06.2016,"17,00","16,78","17,16","16,58","6,01M","2,60%"
07.06.2016,"16,57","16,84","17,35","16,48","5,56M","-1,89%"
06.06.2016,"16,89","16,61","16,93","16,25","6,32M","4,00%"
03.06.2016,"16,24","15,26","16,32","15,11","7,05M","8,63%"
02.06.2016,"14,95","14,37","14,95","14,21","4,86M","3,60%"
01.06.2016,"14,43","14,09","14,50","13,80","4,90M","1,48%"
31.05.2016,"14,22","14,07","14,93","13,94","10,87M","-0,42%"
30.05.2016,"14,28","14,39","14,47","14,12","1,07M","-0,07%"
27.05.2016,"14,29","14,70","14,91","14,29","4,06M","-2,26%"
25.05.2016,"14,62","14,10","14,72","13,99","11,06M","4,28%"
24.05.2016,"14,02","14,61","14,79","13,95","6,03M","-2,91%"
23.05.2016,"14,44","13,66","14,68","13,66","6,83M","2,19%"
20.05.2016,"14,13","15,25","15,39","13,95","6,99M","-5,10%"
19.05.2016,"14,89","14,34","14,92","14,07","8,84M","1,22%"
18.05.2016,"14,71","14,82","15,31","14,69","6,58M","-2,78%"
17.05.2016,"15,13","15,18","15,74","14,61","8,60M","1,34%"
16.05.2016,"14,93","14,60","15,66","14,60","5,93M","1,70%"
13.05.2016,"14,68","15,41","15,88","14,60","10,41M","-4,92%"
12.05.2016,"15,44","16,06","16,25","15,22","4,63M","-3,14%"
11.05.2016,"15,94","16,23","16,45","15,58","6,65M","0,44%"
10.05.2016,"15,87","15,60","15,96","15,13","7,98M","4,20%"
09.05.2016,"15,23","16,10","16,34","15,05","12,50M","-9,77%"
06.05.2016,"16,88","16,37","17,43","16,17","10,34M","1,32%"
05.05.2016,"16,66","17,80","17,83","16,30","12,06M","-4,25%"
04.05.2016,"17,40","17,60","18,17","17,20","11,89M","-6,75%"
03.05.2016,"18,66","19,14","19,40","18,46","7,25M","-6,09%"
02.05.2016,"19,87","20,14","20,31","19,10","5,89M","0,91%"
29.04.2016,"19,69","20,26","20,93","19,69","12,30M","-0,51%"
28.04.2016,"19,79","20,47","20,88","19,45","11,61M","1,75%"
27.04.2016,"19,45","18,71","19,63","18,18","15,68M","4,07%"
26.04.2016,"18,69","18,12","19,01","17,35","16,01M","3,49%"
25.04.2016,"18,06","19,20","19,20","18,02","13,92M","-6,57%"
22.04.2016,"19,33","20,01","20,57","19,19","15,51M","-11,17%"
20.04.2016,"21,76","20,57","22,19","20,53","12,47M","6,35%"
19.04.2016,"20,46","19,75","20,91","19,62","6,95M","7,40%"
18.04.2016,"19,05","18,70","19,47","18,56","6,64M","2,42%"
15.04.2016,"18,60","18,40","18,95","17,76","7,25M","2,20%"
14.04.2016,"18,20","19,91","20,04","18,02","8,69M","-7,00%"
13.04.2016,"19,57","19,76","20,59","19,30","12,93M","4,43%"
12.04.2016,"18,74","17,50","19,10","17,38","8,88M","10,43%"
11.04.2016,"16,97","16,46","17,34","16,45","9,94M","4,50%"
08.04.2016,"16,24","15,50","16,34","15,36","6,36M","8,19%"
07.04.2016,"15,01","15,42","15,47","14,85","4,70M","-0,40%"
06.04.2016,"15,07","15,08","15,49","14,91","6,27M","-1,44%"
05.04.2016,"15,29","14,50","15,52","14,46","5,38M","3,38%"
04.04.2016,"14,79","15,61","15,91","14,75","6,28M","-4,64%"
01.04.2016,"15,51","14,89","15,92","14,65","7,25M","2,38%"
31.03.2016,"15,15","15,20","15,56","14,85","8,31M","-2,51%"
30.03.2016,"15,54","15,38","16,36","15,32","8,51M","2,98%"
29.03.2016,"15,09","15,10","15,40","14,44","7,94M","-0,53%"
28.03.2016,"15,17","15,72","15,72","14,78","6,66M","0,80%"
24.03.2016,"15,05","13,99","15,21","13,68","7,88M","6,59%"
23.03.2016,"14,12","15,29","15,37","14,05","8,21M","-8,49%"
22.03.2016,"15,43","14,99","15,60","14,95","6,19M","1,85%"
21.03.2016,"15,15","15,49","15,88","14,87","7,90M","-1,17%"
18.03.2016,"15,33","15,89","16,10","14,94","14,10M","-1,10%"
17.03.2016,"15,50","15,62","16,01","14,78","13,69M","4,59%"
16.03.2016,"14,82","13,52","14,87","13,41","10,12M","9,94%"
15.03.2016,"13,48","12,99","13,51","12,81","9,67M","0,30%"
14.03.2016,"13,44","13,90","14,15","13,28","8,80M","-3,10%"
11.03.2016,"13,87","14,07","14,65","13,74","11,25M","-0,93%"
10.03.2016,"14,00","15,00","15,00","13,28","11,07M","-3,45%"
09.03.2016,"14,50","15,33","15,53","14,04","11,89M","-3,53%"
08.03.2016,"15,03","16,81","17,09","15,03","17,88M","-14,51%"
07.03.2016,"17,58","17,75","18,60","16,68","20,20M","6,22%"
04.03.2016,"16,55","16,72","18,33","16,03","27,18M","5,95%"
03.03.2016,"15,62","14,48","16,09","13,92","17,30M","9,85%"
02.03.2016,"14,22","12,81","14,22","12,74","15,83M","11,01%"
01.03.2016,"12,81","12,20","12,96","12,14","14,13M","8,47%"
29.02.2016,"11,81","11,23","12,02","11,19","12,51M","7,36%"
26.02.2016,"11,00","11,39","11,54","10,89","5,76M","-0,18%"
25.02.2016,"11,02","11,17","11,62","10,91","7,33M","-5,89%"
24.02.2016,"11,71","11,77","11,95","11,49","8,51M","-5,41%"
23.02.2016,"12,38","12,98","13,44","12,32","9,98M","-5,78%"
22.02.2016,"13,14","12,50","13,17","12,43","12,43M","11,07%"
19.02.2016,"11,83","11,41","12,11","11,37","7,54M","2,78%"
18.02.2016,"11,51","11,92","12,17","11,49","9,47M","-3,36%"
17.02.2016,"11,91","11,69","12,70","11,51","12,74M","5,49%"
16.02.2016,"11,29","10,52","11,38","10,52","7,41M","7,42%"
15.02.2016,"10,51","10,68","10,80","10,51","2,22M","2,54%"
12.02.2016,"10,25","10,05","10,47","10,05","5,71M","3,85%"
11.02.2016,"9,87","9,95","10,06","9,61","6,65M","-3,24%"
10.02.2016,"10,20","10,00","10,42","9,85","4,47M","-0,29%"
05.02.2016,"10,23","10,29","10,79","10,13","9,26M","-1,06%"
04.02.2016,"10,34","9,58","10,60","9,36","14,08M","14,76%"
03.02.2016,"9,01","8,75","9,18","8,70","6,30M","4,77%"
02.02.2016,"8,60","9,19","9,31","8,60","5,86M","-9,47%"
01.02.2016,"9,50","9,63","9,74","9,35","6,69M","-2,26%"
29.01.2016,"9,72","9,32","9,82","9,04","13,96M","4,18%"
28.01.2016,"9,33","9,41","9,91","9,19","8,63M","-0,85%"
27.01.2016,"9,41","8,95","9,63","8,86","7,98M","5,14%"
26.01.2016,"8,95","8,79","9,06","8,63","7,22M","-0,89%"
22.01.2016,"9,03","9,45","9,75","8,98","14,68M","-1,20%"
21.01.2016,"9,14","9,21","9,80","9,14","10,64M","-0,76%"
20.01.2016,"9,21","8,97","9,31","8,71","10,93M","0,33%"
19.01.2016,"9,18","9,51","9,62","9,18","10,97M","3,26%"
18.01.2016,"8,89","9,31","9,71","8,89","3,48M","-5,12%"
15.01.2016,"9,37","9,17","9,51","8,99","13,28M","-2,90%"
14.01.2016,"9,65","9,15","9,73","8,94","11,08M","7,22%"
13.01.2016,"9,00","9,61","9,85","8,80","9,21M","-4,36%"
12.01.2016,"9,41","10,46","10,46","9,38","7,58M","-8,11%"
11.01.2016,"10,24","10,50","10,76","10,14","5,66M","-2,85%"
08.01.2016,"10,54","11,07","11,25","10,54","4,43M","-3,39%"
07.01.2016,"10,91","11,26","11,37","10,88","6,45M","-5,95%"
06.01.2016,"11,60","12,08","12,11","11,59","6,76M","-7,35%"
05.01.2016,"12,52","12,67","12,84","12,41","2,69M","-1,34%"
04.01.2016,"12,69","12,49","12,98","12,48","4,59M","-2,61%"
